dealership_id,dealership_name,customer_number,customer_name,customer_email
A00028,A00028 Ibex Dealer,2,Alonzo Freese,Alonzo.Freese2@email.io
A00028,A00028 Ibex Dealer,3,Lynette Bettc,
C00866,C00866 Ibex Dealer,100,Carmelo Cotno,Carmelo.Cotno100@email.io
C00634,C00634 Ibex Dealer,172,Deandra Craft,
A00007,A00007 Ibex Dealer,355,Deandra Craft,
A00007,A00007 Ibex Dealer,390,Neomi Ashbaug,
A00007,A00007 Ibex Dealer,422,Nelle Daughtr,Nelle.Daughtr422@email.io
A04001,A04001 Ibex Dealer,581,Isabella Hogg,Isabella.Hogg581@email.io
C00634,C00634 Ibex Dealer,707,Rachele Nazar,Rachele.Nazar707@email.io
A04001,A04001 Ibex Dealer,781,Tisa Batista ,
A00007,A00007 Ibex Dealer,908,Sebastian Bro,
A00007,A00007 Ibex Dealer,909,Elodia Mize  ,
C00985,C00985 Ibex Dealer,1000,Raisa Virgen ,Raisa.Virgen.1000@email.io
C00510,C00510 Ibex Dealer,1016,Betsey Arceo ,
C01052,C01052 Ibex Dealer,1019,Rachele Nazar,
C01052,C01052 Ibex Dealer,1025,Lakita Gieble,Lakita.Gieble1025@email.io
A00007,A00007 Ibex Dealer,1034,Betsey Arceo ,
C01052,C01052 Ibex Dealer,1034,Nelle Daughtr,
C01052,C01052 Ibex Dealer,1040,Yuri Jaqua  ,Yuri.Jaqua. 1040@email.io
C00510,C00510 Ibex Dealer,1052,Brandee Mell ,Brandee.Mell.1052@email.io
C00510,C00510 Ibex Dealer,1053,Madelaine Abl,Madelaine.Abl1053@email.io
A00037,A00037 Ibex Dealer,1060,Tisa Batista ,
C01052,C01052 Ibex Dealer,1063,Fidelia Morei,
C00510,C00510 Ibex Dealer,1068,Joselyn Lovin,Joselyn.Lovin1068@email.io
C00510,C00510 Ibex Dealer,1087,Alonzo Freese,
A00037,A00037 Ibex Dealer,1088,Carmelo Cotno,
A00037,A00037 Ibex Dealer,1089,Kasi Kowalczy,
A00037,A00037 Ibex Dealer,1093,Adelle Naugle,
C00510,C00510 Ibex Dealer,1094,Darcy Westbro,Darcy.Westbro1094@email.io
C00510,C00510 Ibex Dealer,1095,Hayley Brunga,
C01052,C01052 Ibex Dealer,1097,Euna Skillern,
C01052,C01052 Ibex Dealer,1098,Madelaine Abl,Madelaine.Abl1098@email.io
C00510,C00510 Ibex Dealer,1104,Euna Skillern,Euna.Skillern1104@email.io
A00037,A00037 Ibex Dealer,1109,Debera Bomgar,
C00510,C00510 Ibex Dealer,1119,Elodia Mize  ,Elodia.Mize. 1119@email.io
A00037,A00037 Ibex Dealer,1134,Reynalda Jury,Reynalda.Jury1134@email.io
A00037,A00037 Ibex Dealer,1147,Darcy Westbro,
C00510,C00510 Ibex Dealer,1163,Dulce Felix  ,
C00510,C00510 Ibex Dealer,1211,Oswaldo Klein,
C00510,C00510 Ibex Dealer,1217,Gertude Bath ,Gertude.Bath.1217@email.io
A00037,A00037 Ibex Dealer,1221,Kirsten Acebe,
A00037,A00037 Ibex Dealer,1227,Brandee Mell ,
A00037,A00037 Ibex Dealer,1231,Madelaine Abl,
C00510,C00510 Ibex Dealer,1233,Fidelia Morei,Fidelia.Morei1233@email.io
C01052,C01052 Ibex Dealer,1248,Deandra Craft,
C01052,C01052 Ibex Dealer,1256,Neomi Ashbaug,
C00510,C00510 Ibex Dealer,1257,Issac Ciesla ,Issac.Ciesla.1257@email.io
C00510,C00510 Ibex Dealer,1267,Gwen Dennisto,
C00510,C00510 Ibex Dealer,1281,Kirsten Acebe,Kirsten.Acebe1281@email.io
A00037,A00037 Ibex Dealer,1286,Lakita Gieble,
C00510,C00510 Ibex Dealer,1330,Annelle Pfeff,
C00510,C00510 Ibex Dealer,1333,Lynette Bettc,
C00510,C00510 Ibex Dealer,1366,Bulah Carbaja,
C00510,C00510 Ibex Dealer,1373,Cuc Tripoli  ,
C01052,C01052 Ibex Dealer,1394,Sebastian Bro,
A00037,A00037 Ibex Dealer,1400,Yuri Jaqua  ,
C00510,C00510 Ibex Dealer,1434,Nelle Daughtr,Nelle.Daughtr1434@email.io
C00510,C00510 Ibex Dealer,1448,Raisa Virgen ,Raisa.Virgen.1448@email.io
C00510,C00510 Ibex Dealer,1455,Ellen Edds  ,
C00510,C00510 Ibex Dealer,1479,Neomi Ashbaug,Neomi.Ashbaug1479@email.io
C00510,C00510 Ibex Dealer,1508,Branda Tatem ,
A04001,A04001 Ibex Dealer,1514,Carmelo Cotno,
C01052,C01052 Ibex Dealer,1532,Elodia Mize  ,
C00510,C00510 Ibex Dealer,1547,Rachele Nazar,Rachele.Nazar1547@email.io
A00007,A00007 Ibex Dealer,1613,Alonzo Freese,
C00510,C00510 Ibex Dealer,1629,Hosea Soderbe,
A00013,A00013 Ibex Dealer,1667,Hayley Brunga,
A00013,A00013 Ibex Dealer,1671,Deandra Craft,Deandra.Craft1671@email.io
A00013,A00013 Ibex Dealer,1682,Dulce Felix  ,
C00510,C00510 Ibex Dealer,1708,Yuri Jaqua  ,Yuri.Jaqua. 1708@email.io
C00510,C00510 Ibex Dealer,1741,Debera Bomgar,Debera.Bomgar1741@email.io
A00013,A00013 Ibex Dealer,1745,Oswaldo Klein,
A00013,A00013 Ibex Dealer,1756,Gwen Dennisto,
C00510,C00510 Ibex Dealer,1756,Rubie Tillery,
C00510,C00510 Ibex Dealer,1790,Lakita Gieble,Lakita.Gieble1790@email.io
C01052,C01052 Ibex Dealer,1791,Betsey Arceo ,
C00510,C00510 Ibex Dealer,1802,Neoma Gerhard,
C00510,C00510 Ibex Dealer,1825,Sebastian Bro,Sebastian.Bro1825@email.io
A00013,A00013 Ibex Dealer,1828,Annelle Pfeff,
A00007,A00007 Ibex Dealer,1966,Hayley Brunga,
A00037,A00037 Ibex Dealer,1977,Joselyn Lovin,
A00037,A00037 Ibex Dealer,2006,Raisa Virgen ,
A00037,A00037 Ibex Dealer,2114,Issac Ciesla ,
C01052,C01052 Ibex Dealer,2275,Alonzo Freese,
C01052,C01052 Ibex Dealer,2420,Gertude Bath ,Gertude.Bath.2420@email.io
A00037,A00037 Ibex Dealer,2428,Gertude Bath ,
C01069,C01069 Ibex Dealer,2465,Deandra Craft,
A00007,A00007 Ibex Dealer,2700,Dulce Felix  ,
A00037,A00037 Ibex Dealer,3162,Rachele Nazar,
A00037,A00037 Ibex Dealer,3259,Nelle Daughtr,
A00037,A00037 Ibex Dealer,3260,Fransisca Ant,Fransisca.Ant3260@email.io
C01052,C01052 Ibex Dealer,3430,Hayley Brunga,
C01052,C01052 Ibex Dealer,3432,Joselyn Lovin,Joselyn.Lovin3432@email.io
A00037,A00037 Ibex Dealer,3526,Fidelia Morei,
A00037,A00037 Ibex Dealer,3528,Liz Vo  ,Liz.Vo. 3528@email.io
A00037,A00037 Ibex Dealer,3967,Euna Skillern,
A00037,A00037 Ibex Dealer,4151,Deandra Craft,
A00037,A00037 Ibex Dealer,4182,Neomi Ashbaug,
A00013,A00013 Ibex Dealer,4201,Lynette Bettc,
C01052,C01052 Ibex Dealer,4227,Dulce Felix  ,
C01052,C01052 Ibex Dealer,4273,Oswaldo Klein,
C01052,C01052 Ibex Dealer,4278,Gwen Dennisto,
C01052,C01052 Ibex Dealer,4327,Annelle Pfeff,
C01052,C01052 Ibex Dealer,4500,Lynette Bettc,
C01052,C01052 Ibex Dealer,4541,Darcy Westbro,Darcy.Westbro4541@email.io
C01052,C01052 Ibex Dealer,4590,Bulah Carbaja,
C01052,C01052 Ibex Dealer,4596,Kasi Kowalczy,Kasi.Kowalczy4596@email.io
A00037,A00037 Ibex Dealer,4618,Sebastian Bro,
C01052,C01052 Ibex Dealer,4641,Cuc Tripoli  ,
C01052,C01052 Ibex Dealer,4663,Ellen Edds  ,
C01052,C01052 Ibex Dealer,4690,Branda Tatem ,
C01052,C01052 Ibex Dealer,4747,Brandee Mell ,Brandee.Mell.4747@email.io
C01052,C01052 Ibex Dealer,4799,Hosea Soderbe,
C01052,C01052 Ibex Dealer,4805,Kirsten Acebe,Kirsten.Acebe4805@email.io
A00037,A00037 Ibex Dealer,4885,Elodia Mize  ,
C01052,C01052 Ibex Dealer,4940,Rubie Tillery,
C01052,C01052 Ibex Dealer,4945,Neoma Gerhard,
C01052,C01052 Ibex Dealer,4969,Julianne Slam,
C01052,C01052 Ibex Dealer,5038,Yanira Vervil,
A00037,A00037 Ibex Dealer,5152,Tamesha Lubin,Tamesha.Lubin5152@email.io
A00037,A00037 Ibex Dealer,5244,Betsey Arceo ,
A00037,A00037 Ibex Dealer,5298,Alonzo Freese,
C01052,C01052 Ibex Dealer,5343,Isabella Hogg,
C01052,C01052 Ibex Dealer,5405,Janessa Crost,
A00037,A00037 Ibex Dealer,5488,Hayley Brunga,
C01052,C01052 Ibex Dealer,5565,Lauran Altsch,
C01030,C01030 Ibex Dealer,5604,Adelle Naugle,
A00037,A00037 Ibex Dealer,5714,Dulce Felix  ,
C01052,C01052 Ibex Dealer,5742,Janean Jumper,
C01052,C01052 Ibex Dealer,5813,Fransisca Ant,
C01052,C01052 Ibex Dealer,5817,Reynalda Jury,
A00037,A00037 Ibex Dealer,5822,Elisha Poulos,Elisha.Poulos5822@email.io
C01052,C01052 Ibex Dealer,5853,Rolando Kibbe,
C01030,C01030 Ibex Dealer,5855,Debera Bomgar,
C01052,C01052 Ibex Dealer,5994,Liz Vo  ,
C01030,C01030 Ibex Dealer,6011,Darcy Westbro,
C01030,C01030 Ibex Dealer,6067,Kirsten Acebe,
C01030,C01030 Ibex Dealer,6068,Brandee Mell ,
C01052,C01052 Ibex Dealer,6098,Elisha Poulos,
C01052,C01052 Ibex Dealer,6101,Tamesha Lubin,
C01052,C01052 Ibex Dealer,6115,Tisa Batista ,
C01052,C01052 Ibex Dealer,6129,Carmelo Cotno,
C00985,C00985 Ibex Dealer,6139,Rachele Nazar,
C01052,C01052 Ibex Dealer,6197,Kasi Kowalczy,
C01069,C01069 Ibex Dealer,6209,Neomi Ashbaug,
C01069,C01069 Ibex Dealer,6216,Rachele Nazar,Rachele.Nazar6216@email.io
C01069,C01069 Ibex Dealer,6221,Sebastian Bro,
C01069,C01069 Ibex Dealer,6226,Elodia Mize  ,
C01069,C01069 Ibex Dealer,6234,Betsey Arceo ,
C01069,C01069 Ibex Dealer,6238,Alonzo Freese,
C01030,C01030 Ibex Dealer,6240,Madelaine Abl,
C01052,C01052 Ibex Dealer,6240,Adelle Naugle,
C01069,C01069 Ibex Dealer,6255,Hayley Brunga,
C00504,C00504 Ibex Dealer,6258,Rubie Tillery,Rubie.Tillery6258@email.io
C01030,C01030 Ibex Dealer,6272,Lakita Gieble,
C00504,C00504 Ibex Dealer,6305,Lauran Altsch,
A00037,A00037 Ibex Dealer,6355,Oswaldo Klein,
C01069,C01069 Ibex Dealer,6374,Dulce Felix  ,
C01069,C01069 Ibex Dealer,6414,Oswaldo Klein,
A00007,A00007 Ibex Dealer,6481,Gertude Bath ,Gertude.Bath.6481@email.io
C01069,C01069 Ibex Dealer,6499,Gwen Dennisto,
C00504,C00504 Ibex Dealer,6501,Julianne Slam,Julianne.Slam6501@email.io
C01069,C01069 Ibex Dealer,6502,Annelle Pfeff,
C00634,C00634 Ibex Dealer,6528,Euna Skillern,Euna.Skillern6528@email.io
C01069,C01069 Ibex Dealer,6532,Lynette Bettc,
C01069,C01069 Ibex Dealer,6533,Bulah Carbaja,
C01069,C01069 Ibex Dealer,6554,Cuc Tripoli  ,
C01069,C01069 Ibex Dealer,6555,Ellen Edds  ,
C01052,C01052 Ibex Dealer,6557,Debera Bomgar,
C00634,C00634 Ibex Dealer,6569,Elisha Poulos,Elisha.Poulos6569@email.io
C01069,C01069 Ibex Dealer,6587,Branda Tatem ,
C01069,C01069 Ibex Dealer,6596,Hosea Soderbe,
C01030,C01030 Ibex Dealer,6603,Yuri Jaqua  ,
C01069,C01069 Ibex Dealer,6615,Rubie Tillery,
C01052,C01052 Ibex Dealer,6634,Darcy Westbro,
C01030,C01030 Ibex Dealer,6729,Joselyn Lovin,
C01030,C01030 Ibex Dealer,6853,Raisa Virgen ,
A00037,A00037 Ibex Dealer,6920,Gwen Dennisto,
C01030,C01030 Ibex Dealer,6953,Issac Ciesla ,
C01030,C01030 Ibex Dealer,6976,Gertude Bath ,
A00037,A00037 Ibex Dealer,7362,Annelle Pfeff,
A00037,A00037 Ibex Dealer,7613,Lynette Bettc,
A00037,A00037 Ibex Dealer,7719,Bulah Carbaja,
A00037,A00037 Ibex Dealer,7761,Lauran Altsch,Lauran.Altsch7761@email.io
A00037,A00037 Ibex Dealer,7823,Cuc Tripoli  ,
A00037,A00037 Ibex Dealer,7851,Ellen Edds  ,
A00037,A00037 Ibex Dealer,8028,Branda Tatem ,
C00866,C00866 Ibex Dealer,8158,Lauran Altsch,Lauran.Altsch8158@email.io
A00037,A00037 Ibex Dealer,8180,Hosea Soderbe,
A00013,A00013 Ibex Dealer,8493,Sebastian Bro,Sebastian.Bro8493@email.io
A00037,A00037 Ibex Dealer,8565,Rubie Tillery,
A00037,A00037 Ibex Dealer,8702,Neoma Gerhard,
A00152,A00152 Ibex Dealer,8755,Hosea Soderbe,Hosea.Soderbe8755@email.io
A00037,A00037 Ibex Dealer,9047,Julianne Slam,
A00037,A00037 Ibex Dealer,9064,Rolando Kibbe,Rolando.Kibbe9064@email.io
A00037,A00037 Ibex Dealer,9517,Janean Jumper,Janean.Jumper9517@email.io
A00037,A00037 Ibex Dealer,9777,Yanira Vervil,
C00510,C00510 Ibex Dealer,9912,Julianne Slam,
A00037,A00037 Ibex Dealer,9974,Isabella Hogg,
C02522,C02522 Ibex Dealer,10000,Darcy Westbro,
C00504,C00504 Ibex Dealer,10110,,10110@email.io
C00504,C00504 Ibex Dealer,10154,Yanira Vervil,Yanira.Vervil10154@email.io
C01069,C01069 Ibex Dealer,10165,Neoma Gerhard,
C00504,C00504 Ibex Dealer,10231,Janessa Crost,Janessa.Crost10231@email.io
C01069,C01069 Ibex Dealer,10361,Julianne Slam,
C01069,C01069 Ibex Dealer,10381,Yanira Vervil,
C00504,C00504 Ibex Dealer,10388,Bulah Carbaja,Bulah.Carbaja10388@email.io
C00504,C00504 Ibex Dealer,10482,Janean Jumper,
C00504,C00504 Ibex Dealer,10520,Branda Tatem ,Branda.Tatem.10520@email.io
C00504,C00504 Ibex Dealer,10755,Fransisca Ant,
C00504,C00504 Ibex Dealer,10775,Reynalda Jury,
C00504,C00504 Ibex Dealer,10789,Rolando Kibbe,
C01069,C01069 Ibex Dealer,11421,Gertude Bath ,Gertude.Bath.11421@email.io
C02522,C02522 Ibex Dealer,12009,Ellen Edds  ,Ellen.Edds. 12009@email.io
C02522,C02522 Ibex Dealer,12031,Kirsten Acebe,
C02522,C02522 Ibex Dealer,12049,Brandee Mell ,
C02522,C02522 Ibex Dealer,12096,Isabella Hogg,Isabella.Hogg12096@email.io
C02522,C02522 Ibex Dealer,12141,Fransisca Ant,Fransisca.Ant12141@email.io
C02522,C02522 Ibex Dealer,12466,Janean Jumper,Janean.Jumper12466@email.io
C02522,C02522 Ibex Dealer,12474,Carmelo Cotno,Carmelo.Cotno12474@email.io
C02522,C02522 Ibex Dealer,12488,Rubie Tillery,Rubie.Tillery12488@email.io
C02522,C02522 Ibex Dealer,12493,Hayley Brunga,Hayley.Brunga12493@email.io
A00017,A00017 Ibex Dealer,12744,Hosea Soderbe,Hosea.Soderbe12744@email.io
C02522,C02522 Ibex Dealer,12795,Alonzo Freese,Alonzo.Freese12795@email.io
C02522,C02522 Ibex Dealer,12849,Julianne Slam,Julianne.Slam12849@email.io
C02522,C02522 Ibex Dealer,12866,Neoma Gerhard,Neoma.Gerhard12866@email.io
C02522,C02522 Ibex Dealer,13068,Debera Bomgar,Debera.Bomgar13068@email.io
A00017,A00017 Ibex Dealer,13475,Elodia Mize  ,Elodia.Mize. 13475@email.io
A00017,A00017 Ibex Dealer,13646,Darcy Westbro,Darcy.Westbro13646@email.io
C01069,C01069 Ibex Dealer,13659,Isabella Hogg,
C01069,C01069 Ibex Dealer,14154,Janessa Crost,
C01069,C01069 Ibex Dealer,14209,Lauran Altsch,
C01069,C01069 Ibex Dealer,14229,Janean Jumper,
C01069,C01069 Ibex Dealer,14245,Fransisca Ant,
C02522,C02522 Ibex Dealer,14254,Kasi Kowalczy,Kasi.Kowalczy14254@email.io
A04001,A04001 Ibex Dealer,14458,Liz Vo  ,Liz.Vo. 14458@email.io
C00634,C00634 Ibex Dealer,14571,Lauran Altsch,Lauran.Altsch14571@email.io
C01069,C01069 Ibex Dealer,14594,Reynalda Jury,
C02522,C02522 Ibex Dealer,14652,Bulah Carbaja,Bulah.Carbaja14652@email.io
C02522,C02522 Ibex Dealer,14763,Annelle Pfeff,Annelle.Pfeff14763@email.io
C01069,C01069 Ibex Dealer,14795,Rolando Kibbe,
C01069,C01069 Ibex Dealer,15335,Liz Vo  ,
A00017,A00017 Ibex Dealer,15410,Carmelo Cotno,
A00017,A00017 Ibex Dealer,15469,Nelle Daughtr,Nelle.Daughtr15469@email.io
C01069,C01069 Ibex Dealer,15805,Elisha Poulos,
A00017,A00017 Ibex Dealer,16038,Madelaine Abl,Madelaine.Abl16038@email.io
C02522,C02522 Ibex Dealer,16426,Oswaldo Klein,Oswaldo.Klein16426@email.io
A00013,A00013 Ibex Dealer,16785,Euna Skillern,Euna.Skillern16785@email.io
C00663,C00663 Ibex Dealer,17329,Lynette Bettc,
C02522,C02522 Ibex Dealer,17343,Gwen Dennisto,Gwen.Dennisto17343@email.io
C02522,C02522 Ibex Dealer,18177,Reynalda Jury,Reynalda.Jury18177@email.io;Reynalda.Jury18177@email.ninja
C02522,C02522 Ibex Dealer,18192,Yanira Vervil,Yanira.Vervil18192@email.io
A04001,A04001 Ibex Dealer,18385,Kasi Kowalczy,
C01069,C01069 Ibex Dealer,18966,Tamesha Lubin,
C02522,C02522 Ibex Dealer,19251,Dulce Felix  ,Dulce.Felix. 19251@email.io
C00985,C00985 Ibex Dealer,19526,Nelle Daughtr,
C02522,C02522 Ibex Dealer,19873,Rolando Kibbe,Rolando.Kibbe19873@email.io
C00866,C00866 Ibex Dealer,21271,Kasi Kowalczy,Kasi.Kowalczy21271@email.io
A00017,A00017 Ibex Dealer,21351,Brandee Mell ,Brandee.Mell.21351@email.io
C01069,C01069 Ibex Dealer,21525,Tisa Batista ,
A00075,A00075 Ibex Dealer,24051,Issac Ciesla ,
A00017,A00017 Ibex Dealer,25509,Reynalda Jury,Reynalda.Jury25509@email.io
A00017,A00017 Ibex Dealer,25581,Branda Tatem ,Branda.Tatem.25581@email.io
A00017,A00017 Ibex Dealer,25591,Fidelia Morei,Fidelia.Morei25591@email.io
C02522,C02522 Ibex Dealer,26075,Madelaine Abl,
A00017,A00017 Ibex Dealer,26400,Sebastian Bro,Sebastian.Bro26400@email.io
C02522,C02522 Ibex Dealer,27174,Cuc Tripoli  ,Cuc.Tripoli. 27174@email.io
C02522,C02522 Ibex Dealer,27184,Adelle Naugle,Adelle.Naugle27184@email.io
A00017,A00017 Ibex Dealer,27626,Kirsten Acebe,Kirsten.Acebe27626@email.io
A00017,A00017 Ibex Dealer,33548,Isabella Hogg,Isabella.Hogg33548@email.io
C01069,C01069 Ibex Dealer,36054,Carmelo Cotno,
A00017,A00017 Ibex Dealer,37164,Janessa Crost,Janessa.Crost37164@email.io
A00017,A00017 Ibex Dealer,37924,Alonzo Freese,Alonzo.Freese37924@email.io; Alonzo37924@email.io
C00634,C00634 Ibex Dealer,38621,Gertude Bath ,Gertude.Bath.38621@email.io
C00634,C00634 Ibex Dealer,39500,Madelaine Abl,Madelaine.Abl39500@email.io
C00634,C00634 Ibex Dealer,39682,Reynalda Jury,Reynalda.Jury39682@email.io
C01069,C01069 Ibex Dealer,39731,Kasi Kowalczy,
C01069,C01069 Ibex Dealer,39774,Adelle Naugle,
A00017,A00017 Ibex Dealer,42748,Hayley Brunga,Hayley.Brunga42748@email.io
C00985,C00985 Ibex Dealer,43336,Lakita Gieble,Lakita.Gieble43336@email.io
C00634,C00634 Ibex Dealer,43590,Janean Jumper,Janean.Jumper43590@email.io
A00017,A00017 Ibex Dealer,43830,Lauran Altsch,Lauran.Altsch43830@email.io
C00634,C00634 Ibex Dealer,43873,Lakita Gieble,Lakita.Gieble43873@email.io
A00017,A00017 Ibex Dealer,44594,Joselyn Lovin,Joselyn.Lovin44594@email.io
A00017,A00017 Ibex Dealer,45041,Cuc Tripoli  ,Cuc.Tripoli. 45041@email.io
A00017,A00017 Ibex Dealer,45172,Elisha Poulos,Elisha.Poulos45172@email.io
A04001,A04001 Ibex Dealer,45768,Adelle Naugle,
A00017,A00017 Ibex Dealer,46445,Tamesha Lubin,Tamesha.Lubin46445@email.io
A00017,A00017 Ibex Dealer,46617,Betsey Arceo ,Betsey.Arceo.46617@email.io
C00985,C00985 Ibex Dealer,46902,Fidelia Morei,
A00017,A00017 Ibex Dealer,46966,Annelle Pfeff,Annelle.Pfeff46966@email.io
A00007,A00007 Ibex Dealer,47290,Oswaldo Klein,
C00634,C00634 Ibex Dealer,47425,Tamesha Lubin,Tamesha.Lubin47425@email.io
A00017,A00017 Ibex Dealer,47432,Lynette Bettc,Lynette.Bettc47432@email.io
A00017,A00017 Ibex Dealer,47435,Liz Vo  ,Liz.Vo. 47435@email.io
A00017,A00017 Ibex Dealer,47514,Yuri Jaqua  ,Yuri.Jaqua. 47514@email.io
A00017,A00017 Ibex Dealer,47810,Lakita Gieble,Lakita.Gieble47810@email.io
A00017,A00017 Ibex Dealer,47813,Tisa Batista ,Tisa.Batista.47813@email.io
A00017,A00017 Ibex Dealer,48149,Ellen Edds  ,Ellen.Edds. 48149@email.io
A00017,A00017 Ibex Dealer,49293,Bulah Carbaja,Bulah.Carbaja49293@email.io
A00017,A00017 Ibex Dealer,50740,Elisha Poulos,Elisha.Poulos50740@email.io
A00017,A00017 Ibex Dealer,50749,Rolando Kibbe,Rolando.Kibbe50749@email.io
A00017,A00017 Ibex Dealer,50845,Liz Vo  ,Liz.Vo. 50845@email.io
A00017,A00017 Ibex Dealer,51381,Deandra Craft,Deandra.Craft51381@email.io
A00007,A00007 Ibex Dealer,51435,Gwen Dennisto,
A00017,A00017 Ibex Dealer,51840,Rolando Kibbe,Rolando.Kibbe51840@email.io
A00017,A00017 Ibex Dealer,52115,Isabella Hogg,Isabella.Hogg52115@email.io
C00634,C00634 Ibex Dealer,53061,Kirsten Acebe,Kirsten.Acebe53061@email.io
A00007,A00007 Ibex Dealer,53241,Annelle Pfeff,
C00663,C00663 Ibex Dealer,53808,Bulah Carbaja,
C00985,C00985 Ibex Dealer,53888,Euna Skillern,
A00007,A00007 Ibex Dealer,54043,Lynette Bettc,
A00017,A00017 Ibex Dealer,54764,Yanira Vervil,Yanira.Vervil54764@email.io;otherPerson@email.com
A00017,A00017 Ibex Dealer,55219,Raisa Virgen ,Raisa.Virgen.55219@email.io
C00634,C00634 Ibex Dealer,55823,Debera Bomgar,Debera.Bomgar55823@email.io
C00634,C00634 Ibex Dealer,56066,Rolando Kibbe,Rolando.Kibbe56066@email.io
A00007,A00007 Ibex Dealer,56297,Bulah Carbaja,
C00634,C00634 Ibex Dealer,56603,Carmelo Cotno,Carmelo.Cotno56603@email.io
A00007,A00007 Ibex Dealer,56636,Cuc Tripoli  ,
A00017,A00017 Ibex Dealer,57073,Janean Jumper,Janean.Jumper57073@email.io
A00017,A00017 Ibex Dealer,57092,Gwen Dennisto,Gwen.Dennisto57092@email.io
C00634,C00634 Ibex Dealer,57355,Liz Vo  ,Liz.Vo. 57355@email.io
C00985,C00985 Ibex Dealer,57749,Deandra Craft,
A00007,A00007 Ibex Dealer,59253,Ellen Edds  ,
C01069,C01069 Ibex Dealer,59816,Nelle Daughtr,Nelle.Daughtr59816@email.io
A00017,A00017 Ibex Dealer,59831,Rubie Tillery,Rubie.Tillery59831@email.io
A00017,A00017 Ibex Dealer,59835,Yanira Vervil,Yanira.Vervil59835@email.io
A00007,A00007 Ibex Dealer,60301,Branda Tatem ,
A00017,A00017 Ibex Dealer,62695,Carmelo Cotno,Carmelo.Cotno62695@email.io
A00007,A00007 Ibex Dealer,62816,Hosea Soderbe,
A00007,A00007 Ibex Dealer,62838,Rubie Tillery,
C00504,C00504 Ibex Dealer,63650,Liz Vo  ,
A04001,A04001 Ibex Dealer,64094,Debera Bomgar,
A04001,A04001 Ibex Dealer,64108,Fransisca Ant,Fransisca.Ant64108@email.io
A00017,A00017 Ibex Dealer,64812,Debera Bomgar,Debera.Bomgar64812@email.io
C00634,C00634 Ibex Dealer,65346,Neomi Ashbaug,
A00017,A00017 Ibex Dealer,69079,Kasi Kowalczy,
A00017,A00017 Ibex Dealer,69573,Janean Jumper,Janean.Jumper69573@email.io
A00007,A00007 Ibex Dealer,71176,Neoma Gerhard,
C00504,C00504 Ibex Dealer,71491,Ellen Edds  ,Ellen.Edds. 71491@email.io
A00017,A00017 Ibex Dealer,72183,Tisa Batista ,Tisa.Batista.72183@email.io
A00017,A00017 Ibex Dealer,74133,Euna Skillern,Euna.Skillern74133@email.io
C00663,C00663 Ibex Dealer,75016,Cuc Tripoli  ,
C00663,C00663 Ibex Dealer,75794,Ellen Edds  ,
C00663,C00663 Ibex Dealer,76675,Branda Tatem ,
A00017,A00017 Ibex Dealer,76833,Fransisca Ant,Fransisca.Ant76833@email.io
A00007,A00007 Ibex Dealer,77201,Julianne Slam,
C01069,C01069 Ibex Dealer,77212,Debera Bomgar,
C00663,C00663 Ibex Dealer,77558,Annelle Pfeff,Annelle.Pfeff77558@email.io
C00663,C00663 Ibex Dealer,77850,Hosea Soderbe,
A00017,A00017 Ibex Dealer,80000,Adelle Naugle,Adelle.Naugle80000@email.io
C01069,C01069 Ibex Dealer,80307,Fidelia Morei,Fidelia.Morei80307@email.io
C00985,C00985 Ibex Dealer,80637,,80637@email.io
A00017,A00017 Ibex Dealer,81052,Tamesha Lubin,Tamesha.Lubin81052@email.io
A00007,A00007 Ibex Dealer,81473,Yanira Vervil,
A00017,A00017 Ibex Dealer,82355,Gertude Bath ,Gertude.Bath.82355@email.io
C01069,C01069 Ibex Dealer,83463,Euna Skillern,Euna.Skillern83463@email.io
C00985,C00985 Ibex Dealer,83945,Neomi Ashbaug,
C00634,C00634 Ibex Dealer,83985,Joselyn Lovin,Joselyn.Lovin83985@email.io
C00634,C00634 Ibex Dealer,84735,Sebastian Bro,
A00007,A00007 Ibex Dealer,85102,Isabella Hogg,
C02522,C02522 Ibex Dealer,85592,Hosea Soderbe,Hosea.Soderbe85592@email.io
A00007,A00007 Ibex Dealer,85708,Janessa Crost,
A00152,A00152 Ibex Dealer,85863,Cuc Tripoli  ,
A00152,A00152 Ibex Dealer,85886,Rolando Kibbe,Rolando.Kibbe85886@email.io
A00152,A00152 Ibex Dealer,85903,Brandee Mell ,Brandee.Mell.85903@email.io
A00152,A00152 Ibex Dealer,85915,Madelaine Abl,Madelaine.Abl85915@email.io
A00152,A00152 Ibex Dealer,85927,Yuri Jaqua  ,Yuri.Jaqua. 85927@email.io
A00152,A00152 Ibex Dealer,85944,Raisa Virgen ,Raisa.Virgen.85944@email.io
A00152,A00152 Ibex Dealer,85964,Euna Skillern,Euna.Skillern85964@email.io
C00985,C00985 Ibex Dealer,86117,Sebastian Bro,
A00152,A00152 Ibex Dealer,86185,Lakita Gieble,Lakita.Gieble86185@email.io
A00152,A00152 Ibex Dealer,86299,Hayley Brunga,Hayley.Brunga86299@email.io
C01069,C01069 Ibex Dealer,86397,Darcy Westbro,
A00152,A00152 Ibex Dealer,86510,Branda Tatem ,Branda.Tatem.86510@email.io
A00152,A00152 Ibex Dealer,86521,Annelle Pfeff,Annelle.Pfeff86521@email.io
A00152,A00152 Ibex Dealer,86541,Kasi Kowalczy,Kasi.Kowalczy86541@email.io
A00152,A00152 Ibex Dealer,86553,Gertude Bath ,Gertude.Bath.86553@email.io
A00152,A00152 Ibex Dealer,86560,Issac Ciesla ,Issac.Ciesla.86560@email.io
A00152,A00152 Ibex Dealer,86579,Ellen Edds  ,
A00152,A00152 Ibex Dealer,86591,Betsey Arceo ,Betsey.Arceo.86591@email.io
A00152,A00152 Ibex Dealer,86701,Alonzo Freese,Alonzo.Freese86701@email.io
A00152,A00152 Ibex Dealer,86708,Cuc Tripoli  ,Cuc.Tripoli. 86708@email.io
A00152,A00152 Ibex Dealer,86861,Julianne Slam,Julianne.Slam86861@email.io
A00152,A00152 Ibex Dealer,86878,Janessa Crost,Janessa.Crost86878@email.io
A00152,A00152 Ibex Dealer,86884,Deandra Craft,Deandra.Craft86884@email.io
A00152,A00152 Ibex Dealer,87057,Liz Vo  ,Liz.Vo. 87057@email.io
A00152,A00152 Ibex Dealer,87122,Raisa Virgen ,Raisa.Virgen.87122@email.io
A04001,A04001 Ibex Dealer,87352,Darcy Westbro,
A00152,A00152 Ibex Dealer,87897,Neoma Gerhard,Neoma.Gerhard87897@email.io
A00152,A00152 Ibex Dealer,87938,Fransisca Ant,Fransisca.Ant87938@email.io
A00152,A00152 Ibex Dealer,88079,Oswaldo Klein,Oswaldo.Klein88079@email.io
C00985,C00985 Ibex Dealer,88132,Elodia Mize  ,
A00152,A00152 Ibex Dealer,89904,Deandra Craft,Deandra.Craft89904@email.io
C00985,C00985 Ibex Dealer,90054,Betsey Arceo ,
C00504,C00504 Ibex Dealer,90062,Elisha Poulos,
C01069,C01069 Ibex Dealer,90595,Kirsten Acebe,
C00663,C00663 Ibex Dealer,91015,Rubie Tillery,
A00007,A00007 Ibex Dealer,92176,Lauran Altsch,
C00985,C00985 Ibex Dealer,92372,Alonzo Freese,
A04001,A04001 Ibex Dealer,92683,Kirsten Acebe,
A00007,A00007 Ibex Dealer,94840,Janean Jumper,
C02522,C02522 Ibex Dealer,94847,Janessa Crost,Janessa.Crost94847@email.io
C01052,C01052 Ibex Dealer,95322,Kirsten Acebe,
C01052,C01052 Ibex Dealer,95489,Adelle Naugle,Adelle.Naugle95489@email.io
C01052,C01052 Ibex Dealer,95567,Brandee Mell ,
C01052,C01052 Ibex Dealer,95606,Madelaine Abl,
C02522,C02522 Ibex Dealer,95979,Branda Tatem ,Branda.Tatem.95979@email.io
A00007,A00007 Ibex Dealer,96204,Fransisca Ant,
C00866,C00866 Ibex Dealer,96257,Debera Bomgar,
C01052,C01052 Ibex Dealer,96455,Lakita Gieble,
C01052,C01052 Ibex Dealer,96489,Raisa Virgen ,Raisa.Virgen.96489@email.io
C01052,C01052 Ibex Dealer,96723,Yuri Jaqua  ,
C01052,C01052 Ibex Dealer,97610,Debera Bomgar,Debera.Bomgar97610@email.io
C01052,C01052 Ibex Dealer,97633,Issac Ciesla ,Issac.Ciesla.97633@email.io
C01052,C01052 Ibex Dealer,97810,Joselyn Lovin,
C01052,C01052 Ibex Dealer,98061,Raisa Virgen ,
C01052,C01052 Ibex Dealer,98692,Issac Ciesla ,
A00152,A00152 Ibex Dealer,99482,Dulce Felix  ,Dulce.Felix. 99482@email.io
C00866,C00866 Ibex Dealer,100356,Adelle Naugle,Adelle.Naugle100356@email.io
C00866,C00866 Ibex Dealer,100463,Fransisca Ant,Fransisca.Ant100463@email.io
A00017,A00017 Ibex Dealer,100639,Julianne Slam,Julianne.Slam100639@email.io
A00017,A00017 Ibex Dealer,100708,Neoma Gerhard,Neoma.Gerhard100708@email.io
C00634,C00634 Ibex Dealer,101285,Issac Ciesla ,Issac.Ciesla.101285@email.io
C00634,C00634 Ibex Dealer,102298,Janessa Crost,Janessa.Crost102298@email.io
C01046,C01046 Ibex Dealer,102403,Reynalda Jury,
C01013,C01013 Ibex Dealer,102425,Fidelia Morei,
C01013,C01013 Ibex Dealer,102475,Euna Skillern,
C00364,C00364 Ibex Dealer,102499,Lauran Altsch,Lauran.Altsch102499@email.io
C01013,C01013 Ibex Dealer,102631,Reynalda Jury,Reynalda.Jury102631@email.io
C01013,C01013 Ibex Dealer,102642,Deandra Craft,
C01013,C01013 Ibex Dealer,102655,Neomi Ashbaug,
C00364,C00364 Ibex Dealer,102698,Ellen Edds  ,
C01013,C01013 Ibex Dealer,102701,Neoma Gerhard,Neoma.Gerhard102701@email.io
A00017,A00017 Ibex Dealer,102785,Oswaldo Klein,Oswaldo.Klein102785@email.io
C01013,C01013 Ibex Dealer,102792,Sebastian Bro,
C00364,C00364 Ibex Dealer,102857,Branda Tatem ,
C01013,C01013 Ibex Dealer,102859,Elodia Mize  ,
C00364,C00364 Ibex Dealer,102884,Hosea Soderbe,
C00364,C00364 Ibex Dealer,102887,Rubie Tillery,
C00364,C00364 Ibex Dealer,102895,Neoma Gerhard,
C00364,C00364 Ibex Dealer,102896,Julianne Slam,
C01013,C01013 Ibex Dealer,102921,Betsey Arceo ,Betsey.Arceo.102921@email.io
C01013,C01013 Ibex Dealer,102932,Betsey Arceo ,
C01013,C01013 Ibex Dealer,102944,Alonzo Freese,
A00017,A00017 Ibex Dealer,103186,Rachele Nazar,Rachele.Nazar103186@email.io
C01069,C01069 Ibex Dealer,105311,Brandee Mell ,
A00017,A00017 Ibex Dealer,106856,Kasi Kowalczy,Kasi.Kowalczy106856@email.io
C00634,C00634 Ibex Dealer,110359,Elodia Mize  ,
A00007,A00007 Ibex Dealer,110401,Reynalda Jury,
C01069,C01069 Ibex Dealer,110586,Madelaine Abl,
C00663,C00663 Ibex Dealer,113003,Neoma Gerhard,
C00985,C00985 Ibex Dealer,114976,Kirsten Acebe,Kirsten.Acebe114976@email.io
C00634,C00634 Ibex Dealer,115301,Raisa Virgen ,Raisa.Virgen.115301@email.io
A00017,A00017 Ibex Dealer,115966,Janessa Crost,Janessa.Crost115966@email.io
C00634,C00634 Ibex Dealer,116356,Kasi Kowalczy,Kasi.Kowalczy116356@email.io
C00634,C00634 Ibex Dealer,116615,Fidelia Morei,Fidelia.Morei116615@email.io
C00985,C00985 Ibex Dealer,117260,Hayley Brunga,
C00634,C00634 Ibex Dealer,120332,Nelle Daughtr,Nelle.Daughtr120332@email.io
C00985,C00985 Ibex Dealer,120460,Dulce Felix  ,
C00985,C00985 Ibex Dealer,120739,Oswaldo Klein,
C02522,C02522 Ibex Dealer,121713,Lakita Gieble,
C00634,C00634 Ibex Dealer,123161,Yuri Jaqua  ,Yuri.Jaqua. 123161@email.io
C00634,C00634 Ibex Dealer,123553,Brandee Mell ,Brandee.Mell.123553@email.io
C01069,C01069 Ibex Dealer,124500,Lakita Gieble,
A00075,A00075 Ibex Dealer,124890,Lakita Gieble,Lakita.Gieble124890@email.io
A00028,A00028 Ibex Dealer,127192,Bulah Carbaja,
C00634,C00634 Ibex Dealer,127305,Betsey Arceo ,
C00634,C00634 Ibex Dealer,127774,Tisa Batista ,Tisa.Batista.127774@email.io
C00634,C00634 Ibex Dealer,129058,,129058@email.io
A00152,A00152 Ibex Dealer,129401,Lynette Bettc,Lynette.Bettc129401@email.io
C01069,C01069 Ibex Dealer,129676,Yuri Jaqua  ,
C00634,C00634 Ibex Dealer,133952,Darcy Westbro,Darcy.Westbro133952@email.io
C02522,C02522 Ibex Dealer,137115,Tisa Batista ,Tisa.Batista.137115@email.io
A00152,A00152 Ibex Dealer,137851,Isabella Hogg,Isabella.Hogg137851@email.io
C00634,C00634 Ibex Dealer,139887,Alonzo Freese,
A04001,A04001 Ibex Dealer,140725,Brandee Mell ,
C02522,C02522 Ibex Dealer,141252,Lynette Bettc,Lynette.Bettc141252@email.io
C02522,C02522 Ibex Dealer,143942,Elisha Poulos,Elisha.Poulos143942@email.io
A00013,A00013 Ibex Dealer,144059,Bulah Carbaja,
C00866,C00866 Ibex Dealer,145655,Darcy Westbro,
C00866,C00866 Ibex Dealer,145715,Elisha Poulos,Elisha.Poulos145715@email.io
C00634,C00634 Ibex Dealer,146110,Fransisca Ant,Fransisca.Ant146110@email.io
A00013,A00013 Ibex Dealer,147233,Cuc Tripoli  ,
C00866,C00866 Ibex Dealer,147329,Kirsten Acebe,
C01069,C01069 Ibex Dealer,148128,Joselyn Lovin,
A00007,A00007 Ibex Dealer,148388,Rolando Kibbe,
C00634,C00634 Ibex Dealer,149159,Hayley Brunga,
A00017,A00017 Ibex Dealer,150174,Reynalda Jury,Reynalda.Jury150174@email.io
C00985,C00985 Ibex Dealer,152439,Gwen Dennisto,
C00634,C00634 Ibex Dealer,155124,Dulce Felix  ,
A00007,A00007 Ibex Dealer,156165,Liz Vo  ,
C00866,C00866 Ibex Dealer,156243,Janean Jumper,Janean.Jumper156243@email.io
A00007,A00007 Ibex Dealer,157706,Elisha Poulos,
A00007,A00007 Ibex Dealer,158337,Tamesha Lubin,
C00866,C00866 Ibex Dealer,158742,Tamesha Lubin,Tamesha.Lubin158742@email.io
C00634,C00634 Ibex Dealer,158845,Oswaldo Klein,
C00634,C00634 Ibex Dealer,159932,Gwen Dennisto,
A00007,A00007 Ibex Dealer,160058,Tisa Batista ,
C02522,C02522 Ibex Dealer,161839,Tamesha Lubin,Tamesha.Lubin161839@email.io
C00985,C00985 Ibex Dealer,162065,Annelle Pfeff,
C00985,C00985 Ibex Dealer,163596,Lynette Bettc,
A04001,A04001 Ibex Dealer,164141,Madelaine Abl,
A00152,A00152 Ibex Dealer,164175,Bulah Carbaja,Bulah.Carbaja164175@email.io
A00013,A00013 Ibex Dealer,164487,Ellen Edds  ,
A00007,A00007 Ibex Dealer,164767,Carmelo Cotno,
A00007,A00007 Ibex Dealer,166248,Kasi Kowalczy,
A04001,A04001 Ibex Dealer,169276,Rolando Kibbe,Rolando.Kibbe169276@email.io
A00152,A00152 Ibex Dealer,169849,Joselyn Lovin,Joselyn.Lovin169849@email.io
A00152,A00152 Ibex Dealer,171443,Joselyn Lovin,Joselyn.Lovin171443@email.io
A00152,A00152 Ibex Dealer,171481,Tamesha Lubin,Tamesha.Lubin171481@email.io
A00017,A00017 Ibex Dealer,172200,Issac Ciesla ,Issac.Ciesla.172200@email.io
C00985,C00985 Ibex Dealer,173233,Bulah Carbaja,
A00017,A00017 Ibex Dealer,173682,Dulce Felix  ,Dulce.Felix. 173682@email.io
A00017,A00017 Ibex Dealer,174818,Neomi Ashbaug,Neomi.Ashbaug174818@email.io
A04001,A04001 Ibex Dealer,175235,Reynalda Jury,Reynalda.Jury175235@email.io
C02522,C02522 Ibex Dealer,177000,Lauran Altsch,Lauran.Altsch177000@email.io
C00504,C00504 Ibex Dealer,177215,Hosea Soderbe,Hosea.Soderbe177215@email.io
A04001,A04001 Ibex Dealer,178710,Elisha Poulos,Elisha.Poulos178710@email.io
A00152,A00152 Ibex Dealer,181441,Neomi Ashbaug,Neomi.Ashbaug181441@email.io
A00017,A00017 Ibex Dealer,182189,Adelle Naugle,
A00007,A00007 Ibex Dealer,183603,Adelle Naugle,
A00013,A00013 Ibex Dealer,184539,Branda Tatem ,
A00017,A00017 Ibex Dealer,184627,Debera Bomgar,
C00663,C00663 Ibex Dealer,188396,Julianne Slam,
A00013,A00013 Ibex Dealer,189690,Hosea Soderbe,
A04001,A04001 Ibex Dealer,190065,Lauran Altsch,Lauran.Altsch190065@email.io
A00007,A00007 Ibex Dealer,190486,Debera Bomgar,
A00013,A00013 Ibex Dealer,191776,Alonzo Freese,Alonzo.Freese191776@email.io
C00504,C00504 Ibex Dealer,194774,Neoma Gerhard,Neoma.Gerhard194774@email.io
A00152,A00152 Ibex Dealer,195508,Darcy Westbro,Darcy.Westbro195508@email.io
C02522,C02522 Ibex Dealer,195872,Yuri Jaqua  ,
C02522,C02522 Ibex Dealer,196721,Liz Vo  ,Liz.Vo. 196721@email.io
A04001,A04001 Ibex Dealer,198763,Lakita Gieble,
A04001,A04001 Ibex Dealer,202690,Janessa Crost,Janessa.Crost202690@email.io
A00013,A00013 Ibex Dealer,204997,Neomi Ashbaug,Neomi.Ashbaug204997@email.io
A00017,A00017 Ibex Dealer,206764,Lauran Altsch,Lauran.Altsch206764@email.io
C00985,C00985 Ibex Dealer,206831,Cuc Tripoli  ,
A04001,A04001 Ibex Dealer,208184,Tamesha Lubin,Tamesha.Lubin208184@email.io
A04001,A04001 Ibex Dealer,211688,Yuri Jaqua  ,
C00985,C00985 Ibex Dealer,211905,Joselyn Lovin,Joselyn.Lovin211905@email.io
A00013,A00013 Ibex Dealer,212788,Betsey Arceo ,Betsey.Arceo.212788@email.io
A00017,A00017 Ibex Dealer,213303,Fransisca Ant,Fransisca.Ant213303@email.io
A00007,A00007 Ibex Dealer,214368,Darcy Westbro,
A04001,A04001 Ibex Dealer,217042,Janean Jumper,Janean.Jumper217042@email.io
A00007,A00007 Ibex Dealer,218030,Rachele Nazar,Rachele.Nazar218030@email.io
A00007,A00007 Ibex Dealer,223013,Kirsten Acebe,
A04001,A04001 Ibex Dealer,226351,Joselyn Lovin,
C00985,C00985 Ibex Dealer,226646,Ellen Edds  ,
C00985,C00985 Ibex Dealer,227825,Branda Tatem ,
C00985,C00985 Ibex Dealer,228461,Hosea Soderbe,
A00013,A00013 Ibex Dealer,229691,Rubie Tillery,
C00663,C00663 Ibex Dealer,233892,Yanira Vervil,
A00007,A00007 Ibex Dealer,234566,Brandee Mell ,
C00504,C00504 Ibex Dealer,235681,Cuc Tripoli  ,Cuc.Tripoli. 235681@email.io
C00985,C00985 Ibex Dealer,239181,Rubie Tillery,
A00013,A00013 Ibex Dealer,239457,Elodia Mize  ,Elodia.Mize. 239457@email.io
C00985,C00985 Ibex Dealer,239749,Neoma Gerhard,
C00985,C00985 Ibex Dealer,241575,Julianne Slam,
C00985,C00985 Ibex Dealer,245357,Debera Bomgar,Debera.Bomgar245357@email.io
A00007,A00007 Ibex Dealer,245907,Madelaine Abl,
A00007,A00007 Ibex Dealer,246941,Lakita Gieble,
C00985,C00985 Ibex Dealer,247406,Yanira Vervil,
C00985,C00985 Ibex Dealer,253662,Isabella Hogg,
A00007,A00007 Ibex Dealer,254274,Yuri Jaqua  ,
A00007,A00007 Ibex Dealer,258421,Joselyn Lovin,
A00007,A00007 Ibex Dealer,260477,Raisa Virgen ,
C00985,C00985 Ibex Dealer,262765,Janessa Crost,
C00985,C00985 Ibex Dealer,263493,Lauran Altsch,
C00985,C00985 Ibex Dealer,264439,Janean Jumper,
C00985,C00985 Ibex Dealer,264631,Fransisca Ant,
A00013,A00013 Ibex Dealer,265318,Neoma Gerhard,
A00007,A00007 Ibex Dealer,267256,Issac Ciesla ,
C00663,C00663 Ibex Dealer,267339,Isabella Hogg,
A00007,A00007 Ibex Dealer,272699,Gertude Bath ,
C00985,C00985 Ibex Dealer,276734,Reynalda Jury,
A00007,A00007 Ibex Dealer,277279,Rachele Nazar,
A00013,A00013 Ibex Dealer,284517,Julianne Slam,
A00007,A00007 Ibex Dealer,295678,Nelle Daughtr,
A00007,A00007 Ibex Dealer,298204,Fidelia Morei,
A00007,A00007 Ibex Dealer,298559,Fidelia Morei,Fidelia.Morei298559@email.io;Fidelia.Morei@gotmail.ninja
A00007,A00007 Ibex Dealer,298817,Euna Skillern,Euna Skillern298817@email.io
C00663,C00663 Ibex Dealer,308298,Janessa Crost,
C00866,C00866 Ibex Dealer,363043,Brandee Mell ,
C00504,C00504 Ibex Dealer,387384,Tamesha Lubin,
C00504,C00504 Ibex Dealer,390071,Tisa Batista ,
A00152,A00152 Ibex Dealer,400100,Annelle Pfeff,Annelle.Pfeff400100@email.io
A00152,A00152 Ibex Dealer,400101,Issac Ciesla ,Issac.Ciesla.400101@email.io
A00152,A00152 Ibex Dealer,400109,Oswaldo Klein,Oswaldo.Klein400109@email.io
A00152,A00152 Ibex Dealer,400160,Gwen Dennisto,Gwen.Dennisto400160@email.io
A00152,A00152 Ibex Dealer,400181,Janean Jumper,Janean.Jumper400181@email.io
A00152,A00152 Ibex Dealer,400196,Adelle Naugle,Adelle.Naugle400196@email.io
A00152,A00152 Ibex Dealer,400199,Rachele Nazar,Rachele.Nazar400199@email.io
A00152,A00152 Ibex Dealer,400240,Fidelia Morei,Fidelia.Morei400240@email.io
A00152,A00152 Ibex Dealer,400353,Tisa Batista ,Tisa.Batista.400353@email.io
A00152,A00152 Ibex Dealer,400397,Lynette Bettc,Lynette.Bettc400397@email.io
A00152,A00152 Ibex Dealer,400575,Nelle Daughtr,Nelle.Daughtr400575@email.io
A00152,A00152 Ibex Dealer,400695,Alonzo Freese,Alonzo.Freese400695@email.io
A00152,A00152 Ibex Dealer,400710,Branda Tatem ,
A00152,A00152 Ibex Dealer,400718,Sebastian Bro,Sebastian.Bro400718@email.io
A00152,A00152 Ibex Dealer,400783,Nelle Daughtr,Nelle.Daughtr400783@email.io
A00152,A00152 Ibex Dealer,400824,Rubie Tillery,Rubie.Tillery400824@email.io
A00152,A00152 Ibex Dealer,400932,Kirsten Acebe,Kirsten.Acebe400932@email.io
A00152,A00152 Ibex Dealer,400939,Rachele Nazar,Rachele.Nazar400939@email.io
A00152,A00152 Ibex Dealer,401081,Gertude Bath ,Gertude.Bath.401081@email.io
A00152,A00152 Ibex Dealer,401113,Euna Skillern,Euna.Skillern401113@email.io
A00152,A00152 Ibex Dealer,401126,Yuri Jaqua  ,Yuri.Jaqua. 401126@email.io
A00152,A00152 Ibex Dealer,401462,Reynalda Jury,Reynalda.Jury401462@email.io
A00152,A00152 Ibex Dealer,401615,Dulce Felix  ,Dulce.Felix. 401615@email.io
A00152,A00152 Ibex Dealer,401684,Yanira Vervil,Yanira.Vervil401684@email.io
A00152,A00152 Ibex Dealer,401696,Hayley Brunga,Hayley.Brunga401696@email.io
A00152,A00152 Ibex Dealer,401711,Elodia Mize  ,Elodia.Mize. 401711@email.io
A00152,A00152 Ibex Dealer,401725,Hosea Soderbe,
A00152,A00152 Ibex Dealer,401749,Ellen Edds  ,Ellen.Edds. 401749@email.io
A00152,A00152 Ibex Dealer,401751,Betsey Arceo ,Betsey.Arceo.401751@email.io
A00152,A00152 Ibex Dealer,401779,Fidelia Morei,Fidelia.Morei401779@email.io
A00152,A00152 Ibex Dealer,401792,Neomi Ashbaug,Neomi.Ashbaug401792@email.io
A00152,A00152 Ibex Dealer,401795,Rubie Tillery,
C00504,C00504 Ibex Dealer,413502,Carmelo Cotno,
C00504,C00504 Ibex Dealer,416844,Kasi Kowalczy,
C00504,C00504 Ibex Dealer,432357,Adelle Naugle,
C00866,C00866 Ibex Dealer,436915,Liz Vo  ,Liz.Vo. 436915@email.io
C00866,C00866 Ibex Dealer,442137,Rolando Kibbe,Rolando.Kibbe442137@email.io
C00866,C00866 Ibex Dealer,445831,Reynalda Jury,Reynalda.Jury445831@email.io
C00866,C00866 Ibex Dealer,446445,Tisa Batista ,Tisa.Batista.446445@email.io
C01030,C01030 Ibex Dealer,535521,Rachele Nazar,
C01030,C01030 Ibex Dealer,551462,Nelle Daughtr,
C01030,C01030 Ibex Dealer,554130,Fidelia Morei,
C00364,C00364 Ibex Dealer,1041216,Alonzo Freese,Alonzo.Freese1041216@email.io
C00364,C00364 Ibex Dealer,1043797,Hayley Brunga,Hayley.Brunga1043797@email.io
C01046,C01046 Ibex Dealer,1049676,Rolando Kibbe,
C01046,C01046 Ibex Dealer,1087500,Neoma Gerhard,Neoma.Gerhard1087500@email.io
C01046,C01046 Ibex Dealer,1118904,Lynette Bettc,Lynette.Bettc1118904@email.io
C01046,C01046 Ibex Dealer,1120970,Alonzo Freese,Alonzo.Freese1120970@email.io
C01046,C01046 Ibex Dealer,1122882,Janessa Crost,Janessa.Crost1122882@email.io
C01046,C01046 Ibex Dealer,1133281,Liz Vo  ,
C00364,C00364 Ibex Dealer,1159226,Yanira Vervil,
C00985,C00985 Ibex Dealer,1241872,Rolando Kibbe,
C00985,C00985 Ibex Dealer,1254131,Liz Vo  ,
C00985,C00985 Ibex Dealer,1319710,Issac Ciesla ,Issac.Ciesla.1319710@email.io
C00985,C00985 Ibex Dealer,1346339,Elisha Poulos,
C00985,C00985 Ibex Dealer,1364869,Tamesha Lubin,
C00985,C00985 Ibex Dealer,1367189,Kasi Kowalczy,Kasi.Kowalczy1367189@email.io
C00985,C00985 Ibex Dealer,1393383,Tisa Batista ,
C00985,C00985 Ibex Dealer,1433750,Carmelo Cotno,
C00985,C00985 Ibex Dealer,1437805,Kasi Kowalczy,
C01046,C01046 Ibex Dealer,1553284,Lauran Altsch,Lauran.Altsch1553284@email.io
C01046,C01046 Ibex Dealer,1600552,Elisha Poulos,
C01046,C01046 Ibex Dealer,1641620,Julianne Slam,Julianne.Slam1641620@email.io
C00364,C00364 Ibex Dealer,1665005,Joselyn Lovin,Joselyn.Lovin1665005@email.io
C00364,C00364 Ibex Dealer,1666828,,
C00364,C00364 Ibex Dealer,1669965,Janessa Crost,
C01046,C01046 Ibex Dealer,1779974,Tamesha Lubin,
C01046,C01046 Ibex Dealer,1791791,Ellen Edds  ,Ellen.Edds. 1791791@email.io
C01046,C01046 Ibex Dealer,1990396,Fransisca Ant,Fransisca.Ant1990396@email.io
C00364,C00364 Ibex Dealer,2092178,Neomi Ashbaug,Neomi.Ashbaug2092178@email.io
C00364,C00364 Ibex Dealer,2093003,Carmelo Cotno,Carmelo.Cotno2093003@email.io
C00364,C00364 Ibex Dealer,2093259,Cuc Tripoli  ,Cuc.Tripoli. 2093259@email.io
C00364,C00364 Ibex Dealer,2118604,Oswaldo Klein,Oswaldo.Klein2118604@email.io
C00364,C00364 Ibex Dealer,2137945,Lauran Altsch,
C00364,C00364 Ibex Dealer,2148087,Reynalda Jury,Reynalda.Jury2148087@email.io
C00985,C00985 Ibex Dealer,2199028,Adelle Naugle,Adelle.Naugle2199028@email.io
C00985,C00985 Ibex Dealer,2213489,Adelle Naugle,
C00985,C00985 Ibex Dealer,2217023,Debera Bomgar,
C00985,C00985 Ibex Dealer,2217673,Darcy Westbro,
C00985,C00985 Ibex Dealer,2219611,Kirsten Acebe,
C00985,C00985 Ibex Dealer,2224667,Brandee Mell ,
C00364,C00364 Ibex Dealer,2226838,Janean Jumper,
C00364,C00364 Ibex Dealer,2226955,Fransisca Ant,
C00364,C00364 Ibex Dealer,2227564,Fidelia Morei,Fidelia.Morei2227564@email.io
C00364,C00364 Ibex Dealer,2227870,Reynalda Jury,
C00364,C00364 Ibex Dealer,2227905,Neoma Gerhard,Neoma.Gerhard2227905@email.io
C00364,C00364 Ibex Dealer,2229447,Dulce Felix  ,Dulce.Felix. 2229447@email.io
C00364,C00364 Ibex Dealer,2235332,Tamesha Lubin,Tamesha.Lubin2235332@email.io
C00364,C00364 Ibex Dealer,2238030,Sebastian Bro,Sebastian.Bro2238030@email.io
C00364,C00364 Ibex Dealer,2238062,Ellen Edds  ,Ellen.Edds. 2238062@email.io
A00091,A00091 Ibex Dealer,2238965,Rolando Kibbe,
C00364,C00364 Ibex Dealer,2242435,Raisa Virgen ,Raisa.Virgen.2242435@email.io
C00364,C00364 Ibex Dealer,2242441,Sebastian Bro,Sebastian.Bro2242441@email.io
A00075,A00075 Ibex Dealer,2244320,Gertude Bath ,
C00364,C00364 Ibex Dealer,2246960,Rolando Kibbe,
C00985,C00985 Ibex Dealer,2277256,Gertude Bath ,Gertude.Bath.2277256@email.io
C00364,C00364 Ibex Dealer,2277738,Liz Vo  ,
C00364,C00364 Ibex Dealer,2278247,Rachele Nazar,Rachele.Nazar2278247@email.io
C00364,C00364 Ibex Dealer,2278765,Elisha Poulos,
C00985,C00985 Ibex Dealer,2279118,Madelaine Abl,
A00028,A00028 Ibex Dealer,2333663,Cuc Tripoli  ,
A00075,A00075 Ibex Dealer,2454949,Rachele Nazar,
A00091,A00091 Ibex Dealer,2494035,Dulce Felix  ,Dulce.Felix. 2494035@email.io
A00028,A00028 Ibex Dealer,2528485,Yuri Jaqua  ,Yuri.Jaqua. 2528485@email.io
A00028,A00028 Ibex Dealer,2531528,Deandra Craft,Deandra.Craft2531528@email.io
A00028,A00028 Ibex Dealer,2539383,Ellen Edds  ,
A00028,A00028 Ibex Dealer,2568371,Branda Tatem ,
A00075,A00075 Ibex Dealer,2815933,Debera Bomgar,Debera.Bomgar2815933@email.io
A00075,A00075 Ibex Dealer,2831533,Janessa Crost,Janessa.Crost2831533@email.io
A00075,A00075 Ibex Dealer,2832008,Kasi Kowalczy,Kasi.Kowalczy2832008@email.io
A00075,A00075 Ibex Dealer,2834442,Carmelo Cotno,Carmelo.Cotno2834442@email.io
A00075,A00075 Ibex Dealer,2841200,Darcy Westbro,Darcy.Westbro2841200@email.io
A00075,A00075 Ibex Dealer,2849699,Kirsten Acebe,Kirsten.Acebe2849699@email.io
A00075,A00075 Ibex Dealer,2869998,Liz Vo  ,Liz.Vo. 2869998@email.io
C00364,C00364 Ibex Dealer,3119687,Tamesha Lubin,
C00364,C00364 Ibex Dealer,3121378,Nelle Daughtr,Nelle.Daughtr3121378@email.io
C00364,C00364 Ibex Dealer,3121709,Issac Ciesla ,Issac.Ciesla.3121709@email.io
C00364,C00364 Ibex Dealer,3121719,Tisa Batista ,
C00364,C00364 Ibex Dealer,3121990,Raisa Virgen ,Raisa.Virgen.3121990@email.io
C00364,C00364 Ibex Dealer,3122071,Carmelo Cotno,
C00364,C00364 Ibex Dealer,3122116,Gertude Bath ,Gertude.Bath.3122116@email.io
C00364,C00364 Ibex Dealer,3123268,Kasi Kowalczy,
C00364,C00364 Ibex Dealer,3123867,Rachele Nazar,Rachele.Nazar3123867@email.io
C00364,C00364 Ibex Dealer,3124209,Hayley Brunga,Hayley.Brunga3124209@email.io
C00364,C00364 Ibex Dealer,3124476,Adelle Naugle,
C00364,C00364 Ibex Dealer,3124790,Isabella Hogg,Isabella.Hogg3124790@email.io
C00364,C00364 Ibex Dealer,3124864,Liz Vo  ,Liz.Vo. 3124864@email.io
C00364,C00364 Ibex Dealer,3124917,Fidelia Morei,Fidelia.Morei3124917@email.io
C00364,C00364 Ibex Dealer,3125262,Debera Bomgar,
C00364,C00364 Ibex Dealer,3125298,Darcy Westbro,
C00364,C00364 Ibex Dealer,3125376,Kirsten Acebe,
C00364,C00364 Ibex Dealer,3125639,Brandee Mell ,
C00364,C00364 Ibex Dealer,3125772,Bulah Carbaja,Bulah.Carbaja3125772@email.io
C00364,C00364 Ibex Dealer,3125774,Rubie Tillery,Rubie.Tillery3125774@email.io
C00364,C00364 Ibex Dealer,3126005,Madelaine Abl,
C00364,C00364 Ibex Dealer,3126030,Lakita Gieble,
C00364,C00364 Ibex Dealer,3128902,Yuri Jaqua  ,
C00364,C00364 Ibex Dealer,3128918,Joselyn Lovin,
C00364,C00364 Ibex Dealer,3129011,Betsey Arceo ,Betsey.Arceo.3129011@email.io
C00364,C00364 Ibex Dealer,3129025,Nelle Daughtr,Nelle.Daughtr3129025@email.io
C00364,C00364 Ibex Dealer,3129365,Raisa Virgen ,
C00364,C00364 Ibex Dealer,3130253,Issac Ciesla ,
C01013,C01013 Ibex Dealer,3150513,Lauran Altsch,Lauran.Altsch3150513@email.io
A00075,A00075 Ibex Dealer,3210032,Raisa Virgen ,Raisa.Virgen.3210032@email.io
C01030,C01030 Ibex Dealer,3221088,Euna Skillern,
C00364,C00364 Ibex Dealer,3312391,Debera Bomgar,Debera.Bomgar3312391@email.io
A00028,A00028 Ibex Dealer,3354711,Euna Skillern,Euna.Skillern3354711@email.io
A00075,A00075 Ibex Dealer,3385797,Elisha Poulos,Elisha.Poulos3385797@email.io
A00028,A00028 Ibex Dealer,3423179,Hosea Soderbe,
A00091,A00091 Ibex Dealer,3426550,Liz Vo  ,
A00028,A00028 Ibex Dealer,3455211,Rubie Tillery,
C00364,C00364 Ibex Dealer,3466068,Cuc Tripoli  ,Cuc.Tripoli. 3466068@email.io
C00364,C00364 Ibex Dealer,3468440,Gertude Bath ,
A00091,A00091 Ibex Dealer,3479970,Elisha Poulos,
C00364,C00364 Ibex Dealer,3563268,Janean Jumper,Janean.Jumper3563268@email.io
A00075,A00075 Ibex Dealer,3569393,Nelle Daughtr,
C00364,C00364 Ibex Dealer,3589647,Rachele Nazar,
C01013,C01013 Ibex Dealer,3624479,Janessa Crost,Janessa.Crost3624479@email.io
A00091,A00091 Ibex Dealer,3665631,Bulah Carbaja,Bulah.Carbaja3665631@email.io
C01030,C01030 Ibex Dealer,3843747,Kasi Kowalczy,Kasi.Kowalczy3843747@email.io
C00364,C00364 Ibex Dealer,3853071,Fransisca Ant,Fransisca.Ant3853071@email.io
A00028,A00028 Ibex Dealer,3871080,Rachele Nazar,Rachele.Nazar3871080@email.io
A00028,A00028 Ibex Dealer,3876794,Elodia Mize  ,Elodia.Mize. 3876794@email.io
C00364,C00364 Ibex Dealer,3920509,Nelle Daughtr,
A00075,A00075 Ibex Dealer,3957800,Fidelia Morei,
A00028,A00028 Ibex Dealer,3981096,Gwen Dennisto,Gwen.Dennisto3981096@email.io
C02494,C02494 Ibex Dealer,4002359,Rachele Nazar,Rachele.Nazar4002359@email.io
C01013,C01013 Ibex Dealer,4006050,Hayley Brunga,
C01013,C01013 Ibex Dealer,4056784,Dulce Felix  ,
C01013,C01013 Ibex Dealer,4100757,Dulce Felix  ,Dulce.Felix. 4100757@email.io
C01013,C01013 Ibex Dealer,4106646,Raisa Virgen ,Raisa.Virgen.4106646@email.io
C01013,C01013 Ibex Dealer,4108291,Oswaldo Klein,Oswaldo.Klein4108291@email.io
C01013,C01013 Ibex Dealer,4111582,Rubie Tillery,Rubie.Tillery4111582@email.io
C01013,C01013 Ibex Dealer,4114138,Rachele Nazar,Rachele.Nazar4114138@email.io
C01013,C01013 Ibex Dealer,4117156,Oswaldo Klein,
C01013,C01013 Ibex Dealer,4117441,Gwen Dennisto,
C01013,C01013 Ibex Dealer,4118987,Euna Skillern,Euna.Skillern4118987@email.io
C01013,C01013 Ibex Dealer,4119117,Darcy Westbro,Darcy.Westbro4119117@email.io
C01013,C01013 Ibex Dealer,4121147,Tisa Batista ,Tisa.Batista.4121147@email.io
C01013,C01013 Ibex Dealer,4124139,Nelle Daughtr,Nelle.Daughtr4124139@email.io
C01013,C01013 Ibex Dealer,4124798,Kirsten Acebe,Kirsten.Acebe4124798@email.io
C01013,C01013 Ibex Dealer,4124903,Rachele Nazar,Rachele.Nazar4124903@email.io
C01013,C01013 Ibex Dealer,4127736,Gwen Dennisto,Gwen.Dennisto4127736@email.io
C01013,C01013 Ibex Dealer,4130427,Fransisca Ant,Fransisca.Ant4130427@email.io
C01013,C01013 Ibex Dealer,4131996,Annelle Pfeff,Annelle.Pfeff4131996@email.io
C01013,C01013 Ibex Dealer,4134658,Fransisca Ant,Fransisca.Ant4134658@email.io
C01013,C01013 Ibex Dealer,4137079,Adelle Naugle,Adelle.Naugle4137079@email.io
C01013,C01013 Ibex Dealer,4139243,Reynalda Jury,Reynalda.Jury4139243@email.io
C01013,C01013 Ibex Dealer,4143758,Kasi Kowalczy,Kasi.Kowalczy4143758@email.io
C01013,C01013 Ibex Dealer,4144636,Kirsten Acebe,Kirsten.Acebe4144636@email.io
C01013,C01013 Ibex Dealer,4144911,Debera Bomgar,Debera.Bomgar4144911@email.io
C01013,C01013 Ibex Dealer,4145419,Janessa Crost,Janessa.Crost4145419@email.io
C01013,C01013 Ibex Dealer,4147309,Annelle Pfeff,
C01013,C01013 Ibex Dealer,4148200,Brandee Mell ,Brandee.Mell.4148200@email.io
C01013,C01013 Ibex Dealer,4148571,Lynette Bettc,
C01013,C01013 Ibex Dealer,4148906,Bulah Carbaja,
C01013,C01013 Ibex Dealer,4149349,Brandee Mell ,Brandee.Mell.4149349@email.io
C01013,C01013 Ibex Dealer,4153303,Yuri Jaqua  ,Yuri.Jaqua. 4153303@email.io
C01013,C01013 Ibex Dealer,4154425,Issac Ciesla ,Issac.Ciesla.4154425@email.io
C01013,C01013 Ibex Dealer,4155380,Cuc Tripoli  ,
C01013,C01013 Ibex Dealer,4155902,Carmelo Cotno,Carmelo.Cotno4155902@email.io
C01013,C01013 Ibex Dealer,4159034,Lynette Bettc,Lynette.Bettc4159034@email.io
C01013,C01013 Ibex Dealer,4160045,Fidelia Morei,Fidelia.Morei4160045@email.io
C01013,C01013 Ibex Dealer,4162577,Liz Vo  ,Liz.Vo. 4162577@email.io
C01013,C01013 Ibex Dealer,4162583,Sebastian Bro,Sebastian.Bro4162583@email.io
C01013,C01013 Ibex Dealer,4163170,Nelle Daughtr,Nelle.Daughtr4163170@email.io
C01013,C01013 Ibex Dealer,4164233,Rolando Kibbe,Rolando.Kibbe4164233@email.io
C01013,C01013 Ibex Dealer,4164874,Madelaine Abl,Madelaine.Abl4164874@email.io
C01013,C01013 Ibex Dealer,4165166,Tamesha Lubin,Tamesha.Lubin4165166@email.io
C01013,C01013 Ibex Dealer,4165768,Ellen Edds  ,
C01013,C01013 Ibex Dealer,4166039,Neomi Ashbaug,Neomi.Ashbaug4166039@email.io
C01013,C01013 Ibex Dealer,4166062,Raisa Virgen ,Raisa.Virgen.4166062@email.io
C01013,C01013 Ibex Dealer,4166469,Debera Bomgar,Debera.Bomgar4166469@email.io
C01013,C01013 Ibex Dealer,4167508,Alonzo Freese,Alonzo.Freese4167508@email.io
C00364,C00364 Ibex Dealer,4169583,Elisha Poulos,Elisha.Poulos4169583@email.io
C01013,C01013 Ibex Dealer,4172273,Bulah Carbaja,Bulah.Carbaja4172273@email.io
C01013,C01013 Ibex Dealer,4172280,Joselyn Lovin,Joselyn.Lovin4172280@email.io
C00364,C00364 Ibex Dealer,4172462,Fidelia Morei,
C00364,C00364 Ibex Dealer,4172676,Lakita Gieble,Lakita.Gieble4172676@email.io
C01013,C01013 Ibex Dealer,4172791,Lakita Gieble,Lakita.Gieble4172791@email.io
C01013,C01013 Ibex Dealer,4173855,Cuc Tripoli  ,Cuc.Tripoli. 4173855@email.io
A00091,A00091 Ibex Dealer,4173894,Tamesha Lubin,
C00364,C00364 Ibex Dealer,4174066,Euna Skillern,
C01013,C01013 Ibex Dealer,4174397,Darcy Westbro,Darcy.Westbro4174397@email.io
C01013,C01013 Ibex Dealer,4174450,Branda Tatem ,Branda.Tatem.4174450@email.io
C01013,C01013 Ibex Dealer,4174540,Ellen Edds  ,Ellen.Edds. 4174540@email.io
C01013,C01013 Ibex Dealer,4174558,Branda Tatem ,Branda.Tatem.4174558@email.io
C01013,C01013 Ibex Dealer,4174614,Issac Ciesla ,Issac.Ciesla.4174614@email.io
C01013,C01013 Ibex Dealer,4174696,Hosea Soderbe,Hosea.Soderbe4174696@email.io
C01013,C01013 Ibex Dealer,4174859,Hayley Brunga,Hayley.Brunga4174859@email.io
C01013,C01013 Ibex Dealer,4175030,Elisha Poulos,Elisha.Poulos4175030@email.io
C01013,C01013 Ibex Dealer,4175038,Rubie Tillery,Rubie.Tillery4175038@email.io
C00364,C00364 Ibex Dealer,4175170,Deandra Craft,
C01013,C01013 Ibex Dealer,4175434,Elisha Poulos,Elisha.Poulos4175434@email.io
C01013,C01013 Ibex Dealer,4175655,Hosea Soderbe,Hosea.Soderbe4175655@email.io
C01013,C01013 Ibex Dealer,4175702,Kasi Kowalczy,Kasi.Kowalczy4175702@email.io
C01013,C01013 Ibex Dealer,4175849,Julianne Slam,Julianne.Slam4175849@email.io
C01013,C01013 Ibex Dealer,4176159,Isabella Hogg,Isabella.Hogg4176159@email.io
C01013,C01013 Ibex Dealer,4177249,Yanira Vervil,Yanira.Vervil4177249@email.io
C01013,C01013 Ibex Dealer,4180347,Branda Tatem ,
C01013,C01013 Ibex Dealer,4180810,Neoma Gerhard,Neoma.Gerhard4180810@email.io
C01013,C01013 Ibex Dealer,4181195,Joselyn Lovin,Joselyn.Lovin4181195@email.io
C00364,C00364 Ibex Dealer,4214771,Gwen Dennisto,Gwen.Dennisto4214771@email.io
C01013,C01013 Ibex Dealer,4227000,Hosea Soderbe,
C01030,C01030 Ibex Dealer,4233038,Deandra Craft,
C00364,C00364 Ibex Dealer,4247307,Yuri Jaqua  ,Yuri.Jaqua. 4247307@email.io
C00364,C00364 Ibex Dealer,4250290,Neomi Ashbaug,
C00364,C00364 Ibex Dealer,4267383,Euna Skillern,Euna.Skillern4267383@email.io
C01013,C01013 Ibex Dealer,4288439,Janean Jumper,Janean.Jumper4288439@email.io
C00364,C00364 Ibex Dealer,4303790,Sebastian Bro,
C02494,C02494 Ibex Dealer,4334465,Issac Ciesla ,Issac.Ciesla.4334465@email.io
C00364,C00364 Ibex Dealer,4366935,Janessa Crost,Janessa.Crost4366935@email.io
A00091,A00091 Ibex Dealer,4424566,Tisa Batista ,
A00091,A00091 Ibex Dealer,4482203,Carmelo Cotno,
C00364,C00364 Ibex Dealer,4484409,Elodia Mize  ,
C00364,C00364 Ibex Dealer,4505986,Betsey Arceo ,
A00091,A00091 Ibex Dealer,4507195,Janessa Crost,Janessa.Crost4507195@email.io
C00364,C00364 Ibex Dealer,4527596,Adelle Naugle,Adelle.Naugle4527596@email.io
C00364,C00364 Ibex Dealer,4549443,Deandra Craft,Deandra.Craft4549443@email.io
C00364,C00364 Ibex Dealer,4550891,Tisa Batista ,Tisa.Batista.4550891@email.io
C00364,C00364 Ibex Dealer,4551968,Betsey Arceo ,Betsey.Arceo.4551968@email.io
C00364,C00364 Ibex Dealer,4574391,Bulah Carbaja,Bulah.Carbaja4574391@email.io
A00028,A00028 Ibex Dealer,4577777,Annelle Pfeff,Annelle.Pfeff4577777@email.io
C01013,C01013 Ibex Dealer,4580501,Lakita Gieble,Lakita.Gieble4580501@email.io
C00364,C00364 Ibex Dealer,4623681,Brandee Mell ,Brandee.Mell.4623681@email.io
C01013,C01013 Ibex Dealer,4642320,Rubie Tillery,
C01013,C01013 Ibex Dealer,4642346,Gertude Bath ,Gertude.Bath.4642346@email.io
A00075,A00075 Ibex Dealer,4655973,Fransisca Ant,Fransisca.Ant4655973@email.io
A00028,A00028 Ibex Dealer,4661186,Nelle Daughtr,Nelle.Daughtr4661186@email.io
A00091,A00091 Ibex Dealer,4672533,Betsey Arceo ,Betsey.Arceo.4672533@email.io
A00075,A00075 Ibex Dealer,4684229,Euna Skillern,
C01013,C01013 Ibex Dealer,4688385,Liz Vo  ,Liz.Vo. 4688385@email.io
C01013,C01013 Ibex Dealer,4691965,Yuri Jaqua  ,Yuri.Jaqua. 4691965@email.io
C01013,C01013 Ibex Dealer,4691967,Tisa Batista ,Tisa.Batista.4691967@email.io
C01013,C01013 Ibex Dealer,4691970,Carmelo Cotno,Carmelo.Cotno4691970@email.io
C01013,C01013 Ibex Dealer,4691972,Elodia Mize  ,Elodia.Mize. 4691972@email.io
C01013,C01013 Ibex Dealer,4691975,Tamesha Lubin,Tamesha.Lubin4691975@email.io
C01013,C01013 Ibex Dealer,4691976,Rolando Kibbe,Rolando.Kibbe4691976@email.io
C00364,C00364 Ibex Dealer,4700703,Alonzo Freese,
C01013,C01013 Ibex Dealer,4705598,Neoma Gerhard,
C01013,C01013 Ibex Dealer,4713378,Julianne Slam,Julianne.Slam4713378@email.io
C00364,C00364 Ibex Dealer,4729020,Elodia Mize  ,Elodia.Mize. 4729020@email.io
C01013,C01013 Ibex Dealer,4731492,Deandra Craft,Deandra.Craft4731492@email.io
C01013,C01013 Ibex Dealer,4746767,Yanira Vervil,Yanira.Vervil4746767@email.io
C01013,C01013 Ibex Dealer,4750981,Lauran Altsch,Lauran.Altsch4750981@email.io
C01013,C01013 Ibex Dealer,4753464,Isabella Hogg,Isabella.Hogg4753464@email.io
C00364,C00364 Ibex Dealer,4801684,Alonzo Freese,Alonzo.Freese4801684@email.io
C00364,C00364 Ibex Dealer,4804428,Neomi Ashbaug,Neomi.Ashbaug4804428@email.io
C01013,C01013 Ibex Dealer,4818674,Janean Jumper,Janean.Jumper4818674@email.io
C00364,C00364 Ibex Dealer,4833870,Lynette Bettc,Lynette.Bettc4833870@email.io
C01013,C01013 Ibex Dealer,4874013,Julianne Slam,
C01013,C01013 Ibex Dealer,4877434,Gertude Bath ,Gertude.Bath.4877434@email.io
C00364,C00364 Ibex Dealer,4889836,Hayley Brunga,
C01013,C01013 Ibex Dealer,4891145,Adelle Naugle,Adelle.Naugle4891145@email.io
C00364,C00364 Ibex Dealer,4905282,Dulce Felix  ,
C00364,C00364 Ibex Dealer,4919364,Julianne Slam,Julianne.Slam4919364@email.io
C01013,C01013 Ibex Dealer,4967222,Yanira Vervil,
C01013,C01013 Ibex Dealer,5026728,Isabella Hogg,
C01013,C01013 Ibex Dealer,5028039,Janessa Crost,
C01013,C01013 Ibex Dealer,5042967,Lauran Altsch,
C01013,C01013 Ibex Dealer,5042969,Janean Jumper,
C00364,C00364 Ibex Dealer,5043428,Oswaldo Klein,
C00364,C00364 Ibex Dealer,5054555,Yanira Vervil,Yanira.Vervil5054555@email.io
C02494,C02494 Ibex Dealer,5055915,Nelle Daughtr,
C01013,C01013 Ibex Dealer,5078162,Ellen Edds  ,Ellen.Edds. 5078162@email.io
C01013,C01013 Ibex Dealer,5099045,Fransisca Ant,
C00364,C00364 Ibex Dealer,5100859,Oswaldo Klein,Oswaldo.Klein5100859@email.io
C01013,C01013 Ibex Dealer,5126989,Reynalda Jury,
C01013,C01013 Ibex Dealer,5127586,Rolando Kibbe,
C01013,C01013 Ibex Dealer,5136735,Liz Vo  ,
C01046,C01046 Ibex Dealer,5163392,Hayley Brunga,Hayley.Brunga5163392@email.io
C01013,C01013 Ibex Dealer,5171951,Elisha Poulos,
C01013,C01013 Ibex Dealer,5175396,Tamesha Lubin,
C01013,C01013 Ibex Dealer,5179806,Madelaine Abl,Madelaine.Abl5179806@email.io
C00364,C00364 Ibex Dealer,5202497,Lynette Bettc,Lynette.Bettc5202497@email.io
C00364,C00364 Ibex Dealer,5202576,Gwen Dennisto,
A00091,A00091 Ibex Dealer,5281457,Julianne Slam,Julianne.Slam5281457@email.io
C01046,C01046 Ibex Dealer,5284004,Oswaldo Klein,Oswaldo.Klein5284004@email.io
C00364,C00364 Ibex Dealer,5288206,Deandra Craft,Deandra.Craft5288206@email.io
C01046,C01046 Ibex Dealer,5317584,Cuc Tripoli  ,Cuc.Tripoli. 5317584@email.io
C00364,C00364 Ibex Dealer,5320349,Branda Tatem ,Branda.Tatem.5320349@email.io
C00364,C00364 Ibex Dealer,5323461,Kasi Kowalczy,Kasi.Kowalczy5323461@email.io
A00091,A00091 Ibex Dealer,5329413,Rubie Tillery,Rubie.Tillery5329413@email.io
A00091,A00091 Ibex Dealer,5329898,Neoma Gerhard,Neoma.Gerhard5329898@email.io
A00028,A00028 Ibex Dealer,5363486,Fidelia Morei,Fidelia.Morei5363486@email.io
C01046,C01046 Ibex Dealer,5369006,Yanira Vervil,Yanira.Vervil5369006@email.io
C00364,C00364 Ibex Dealer,5381625,Euna Skillern,Euna.Skillern5381625@email.io
A00028,A00028 Ibex Dealer,5388400,Betsey Arceo ,Betsey.Arceo.5388400@email.io
C01030,C01030 Ibex Dealer,5400191,Neomi Ashbaug,
C01046,C01046 Ibex Dealer,5406885,Dulce Felix  ,Dulce.Felix. 5406885@email.io
C00364,C00364 Ibex Dealer,5418421,Issac Ciesla ,Issac.Ciesla.5418421@email.io
C02494,C02494 Ibex Dealer,5442915,Gertude Bath ,Gertude.Bath.5442915@email.io
C00364,C00364 Ibex Dealer,5443173,Gertude Bath ,Gertude.Bath.5443173@email.io
C00364,C00364 Ibex Dealer,5517192,Hosea Soderbe,Hosea.Soderbe5517192@email.io
C00364,C00364 Ibex Dealer,5571984,Gwen Dennisto,Gwen.Dennisto5571984@email.io
C01046,C01046 Ibex Dealer,5602812,Gwen Dennisto,Gwen.Dennisto5602812@email.io
C01046,C01046 Ibex Dealer,5602814,Hosea Soderbe,Hosea.Soderbe5602814@email.io
A00075,A00075 Ibex Dealer,5611111,Reynalda Jury,Reynalda.Jury5611111@email.io
C01046,C01046 Ibex Dealer,5614158,Isabella Hogg,Isabella.Hogg5614158@email.io
C00364,C00364 Ibex Dealer,5618030,Madelaine Abl,Madelaine.Abl5618030@email.io
C01046,C01046 Ibex Dealer,5618644,Branda Tatem ,Branda.Tatem.5618644@email.io
C01046,C01046 Ibex Dealer,5623862,Rubie Tillery,Rubie.Tillery5623862@email.io
C00364,C00364 Ibex Dealer,5644689,Rolando Kibbe,Rolando.Kibbe5644689@email.io
C01046,C01046 Ibex Dealer,5649031,Bulah Carbaja,Bulah.Carbaja5649031@email.io
C01046,C01046 Ibex Dealer,5649039,Janean Jumper,Janean.Jumper5649039@email.io
C01046,C01046 Ibex Dealer,5649040,Annelle Pfeff,Annelle.Pfeff5649040@email.io
C01030,C01030 Ibex Dealer,5649518,Sebastian Bro,
A00091,A00091 Ibex Dealer,5662121,Reynalda Jury,Reynalda.Jury5662121@email.io
A00075,A00075 Ibex Dealer,5679043,Brandee Mell ,Brandee.Mell.5679043@email.io
A00075,A00075 Ibex Dealer,5698869,Yuri Jaqua  ,Yuri.Jaqua. 5698869@email.io
C00364,C00364 Ibex Dealer,5705099,Darcy Westbro,Darcy.Westbro5705099@email.io
C00364,C00364 Ibex Dealer,5717161,Kirsten Acebe,Kirsten.Acebe5717161@email.io
C00364,C00364 Ibex Dealer,5744370,Annelle Pfeff,
C02494,C02494 Ibex Dealer,5757600,Fidelia Morei,
C00364,C00364 Ibex Dealer,5770457,Dulce Felix  ,Dulce.Felix. 5770457@email.io
C00364,C00364 Ibex Dealer,5796187,Lynette Bettc,
C01046,C01046 Ibex Dealer,5822633,Tisa Batista ,
C02494,C02494 Ibex Dealer,5838758,Raisa Virgen ,Raisa.Virgen.5838758@email.io
C00364,C00364 Ibex Dealer,5842888,Annelle Pfeff,Annelle.Pfeff5842888@email.io
A00091,A00091 Ibex Dealer,5848396,Kasi Kowalczy,
C00364,C00364 Ibex Dealer,5904277,Elodia Mize  ,Elodia.Mize. 5904277@email.io
A00091,A00091 Ibex Dealer,5935010,Lynette Bettc,Lynette.Bettc5935010@email.io
A00075,A00075 Ibex Dealer,5958959,Tisa Batista ,Tisa.Batista.5958959@email.io
A00075,A00075 Ibex Dealer,6257400,Joselyn Lovin,Joselyn.Lovin6257400@email.io
A00091,A00091 Ibex Dealer,6302210,Adelle Naugle,
A00091,A00091 Ibex Dealer,6324001,Debera Bomgar,
A00091,A00091 Ibex Dealer,6327444,Hayley Brunga,Hayley.Brunga6327444@email.io
A00091,A00091 Ibex Dealer,6539577,Oswaldo Klein,Oswaldo.Klein6539577@email.io
A00091,A00091 Ibex Dealer,6633202,Darcy Westbro,
A00028,A00028 Ibex Dealer,6722330,Issac Ciesla ,Issac.Ciesla.6722330@email.io
A00028,A00028 Ibex Dealer,6724690,Lakita Gieble,Lakita.Gieble6724690@email.io
A00028,A00028 Ibex Dealer,6725525,Neoma Gerhard,
A00028,A00028 Ibex Dealer,6759955,Joselyn Lovin,Joselyn.Lovin6759955@email.io
C01030,C01030 Ibex Dealer,7220931,Elodia Mize  ,
A00028,A00028 Ibex Dealer,7230986,Julianne Slam,
A00028,A00028 Ibex Dealer,7231000,Gertude Bath ,Gertude.Bath.7231000@email.io
C02494,C02494 Ibex Dealer,7292867,Euna Skillern,
C01030,C01030 Ibex Dealer,7296331,Betsey Arceo ,
A00091,A00091 Ibex Dealer,7328702,Janean Jumper,Janean.Jumper7328702@email.io
A00091,A00091 Ibex Dealer,7337134,Alonzo Freese,Alonzo.Freese7337134@email.io
A00091,A00091 Ibex Dealer,7338555,Cuc Tripoli  ,Cuc.Tripoli. 7338555@email.io
A00028,A00028 Ibex Dealer,7371200,Brandee Mell ,Brandee.Mell.7371200@email.io
A00075,A00075 Ibex Dealer,7452141,Deandra Craft,
A00028,A00028 Ibex Dealer,7452300,Yanira Vervil,
A00091,A00091 Ibex Dealer,7478420,Kirsten Acebe,
A00075,A00075 Ibex Dealer,7504550,Lauran Altsch,Lauran.Altsch7504550@email.io
A00028,A00028 Ibex Dealer,7528220,Neomi Ashbaug,Neomi.Ashbaug7528220@email.io
A00091,A00091 Ibex Dealer,7532457,Lauran Altsch,Lauran.Altsch7532457@email.io
A00091,A00091 Ibex Dealer,7542300,Brandee Mell ,
A00028,A00028 Ibex Dealer,7555957,Sebastian Bro,Sebastian.Bro7555957@email.io
C01030,C01030 Ibex Dealer,7635200,Carmelo Cotno,Carmelo.Cotno7635200@email.io
A00091,A00091 Ibex Dealer,7655773,Madelaine Abl,
A00075,A00075 Ibex Dealer,7740446,Janean Jumper,Janean.Jumper7740446@email.io
A00091,A00091 Ibex Dealer,7747376,Lakita Gieble,
A00028,A00028 Ibex Dealer,7824217,Raisa Virgen ,Raisa.Virgen.7824217@email.io
C02494,C02494 Ibex Dealer,7841321,Deandra Craft,
A00091,A00091 Ibex Dealer,7851800,Annelle Pfeff,Annelle.Pfeff7851800@email.io
A00091,A00091 Ibex Dealer,7892366,Yanira Vervil,Yanira.Vervil7892366@email.io
C02494,C02494 Ibex Dealer,7920300,Neomi Ashbaug,
A00028,A00028 Ibex Dealer,8202977,Dulce Felix  ,Dulce.Felix. 8202977@email.io
A00028,A00028 Ibex Dealer,8222208,Kirsten Acebe,Kirsten.Acebe8222208@email.io
A00028,A00028 Ibex Dealer,8228810,Madelaine Abl,Madelaine.Abl8228810@email.io
A00091,A00091 Ibex Dealer,8278777,Branda Tatem ,Branda.Tatem.8278777@email.io
A00091,A00091 Ibex Dealer,8287656,Elodia Mize  ,Elodia.Mize. 8287656@email.io
A00075,A00075 Ibex Dealer,8467180,Neomi Ashbaug,
A00028,A00028 Ibex Dealer,8596440,Oswaldo Klein,Oswaldo.Klein8596440@email.io
A00028,A00028 Ibex Dealer,8906789,Hayley Brunga,Hayley.Brunga8906789@email.io
A00075,A00075 Ibex Dealer,8938543,Tamesha Lubin,Tamesha.Lubin8938543@email.io
A00075,A00075 Ibex Dealer,9210146,Rolando Kibbe,Rolando.Kibbe9210146@email.io
A00075,A00075 Ibex Dealer,9273201,Sebastian Bro,
A00091,A00091 Ibex Dealer,9295391,Ellen Edds  ,Ellen.Edds. 9295391@email.io
A00091,A00091 Ibex Dealer,9317575,Fransisca Ant,Fransisca.Ant9317575@email.io
A00075,A00075 Ibex Dealer,9414136,Madelaine Abl,Madelaine.Abl9414136@email.io
A00028,A00028 Ibex Dealer,9654355,Darcy Westbro,Darcy.Westbro9654355@email.io
A00028,A00028 Ibex Dealer,9674151,Isabella Hogg,
A00075,A00075 Ibex Dealer,9881101,Adelle Naugle,Adelle.Naugle9881101@email.io
C02494,C02494 Ibex Dealer,9881515,Sebastian Bro,
C02494,C02494 Ibex Dealer,9918888,Elodia Mize  ,
A00091,A00091 Ibex Dealer,9929330,Gwen Dennisto,Gwen.Dennisto9929330@email.io
A00028,A00028 Ibex Dealer,9952479,Janessa Crost,
C00985,C00985 Ibex Dealer,15065900,Lakita Gieble,
C00985,C00985 Ibex Dealer,15106107,Yuri Jaqua  ,
C00985,C00985 Ibex Dealer,15168834,Joselyn Lovin,
C00985,C00985 Ibex Dealer,15177631,Raisa Virgen ,
C00985,C00985 Ibex Dealer,15181603,Tisa Batista ,Tisa.Batista.15181603@email.io
C00985,C00985 Ibex Dealer,15195254,Issac Ciesla ,
C00985,C00985 Ibex Dealer,15203255,Gertude Bath ,
C00985,C00985 Ibex Dealer,15220141,Rachele Nazar,
C00985,C00985 Ibex Dealer,15228633,Nelle Daughtr,
C00985,C00985 Ibex Dealer,15229530,Fidelia Morei,
C00985,C00985 Ibex Dealer,15231186,Euna Skillern,
C00985,C00985 Ibex Dealer,15232831,Deandra Craft,
C00985,C00985 Ibex Dealer,15235713,Yuri Jaqua  ,Yuri.Jaqua. 15235713@email.io
C00985,C00985 Ibex Dealer,15239660,Carmelo Cotno,Carmelo.Cotno15239660@email.io
C00985,C00985 Ibex Dealer,15256205,Neomi Ashbaug,
C00985,C00985 Ibex Dealer,15258418,Brandee Mell ,Brandee.Mell.15258418@email.io
C00985,C00985 Ibex Dealer,15260299,Sebastian Bro,
C00985,C00985 Ibex Dealer,15260450,Elodia Mize  ,
C00985,C00985 Ibex Dealer,15261640,Betsey Arceo ,
C00985,C00985 Ibex Dealer,15263974,Darcy Westbro,Darcy.Westbro15263974@email.io
C00985,C00985 Ibex Dealer,15264567,Alonzo Freese,
C00985,C00985 Ibex Dealer,15268033,Hayley Brunga,
C00985,C00985 Ibex Dealer,15268396,Dulce Felix  ,
C00985,C00985 Ibex Dealer,15274242,Oswaldo Klein,
C00985,C00985 Ibex Dealer,16084253,Gwen Dennisto,
C00985,C00985 Ibex Dealer,16107396,Annelle Pfeff,
C00985,C00985 Ibex Dealer,16266493,Lynette Bettc,
C00985,C00985 Ibex Dealer,22277745,Bulah Carbaja,
C00985,C00985 Ibex Dealer,72279023,Cuc Tripoli  ,
C02494,C02494 Ibex Dealer,3473268600,Betsey Arceo ,
A00152,A00152 Ibex Dealer,2602C,Lauran Altsch,Lauran.Altsch2602C@email.io
A00152,A00152 Ibex Dealer,3131C,Debera Bomgar,Debera.Bomgar3131C@email.io
A00152,A00152 Ibex Dealer,401327A,Neoma Gerhard,
A00152,A00152 Ibex Dealer,401327C,Julianne Slam,
A00152,A00152 Ibex Dealer,401551KEN,Elisha Poulos,Elisha.Poulos401551KEN@email.io
A00152,A00152 Ibex Dealer,401551WEN,Bulah Carbaja,Bulah.Carbaja401551WEN@email.io
A00152,A00152 Ibex Dealer,401690D,Elodia Mize  ,Elodia.Mize. 401690D@email.io
A00091,A00091 Ibex Dealer,5433368TO,Hosea Soderbe,Hosea.Soderbe5433368TO@email.io
A00091,A00091 Ibex Dealer,7868226TO,Isabella Hogg,Isabella.Hogg7868226TO@email.io
A00152,A00152 Ibex Dealer,86507HOL,Carmelo Cotno,Carmelo.Cotno86507HOL@email.io
A00152,A00152 Ibex Dealer,86507VAN,Sebastian Bro,Sebastian.Bro86507VAN@email.io
A00152,A00152 Ibex Dealer,8807C,Gwen Dennisto,Gwen.Dennisto8807C@email.io
A00152,A00152 Ibex Dealer,9500C,Yanira Vervil,
C00510,C00510 Ibex Dealer,APB,Yanira Vervil,
C00510,C00510 Ibex Dealer,C0103,Isabella Hogg,
C00510,C00510 Ibex Dealer,C0129,Deandra Craft,Deandra.CraftC0129@email.io
C00364,C00364 Ibex Dealer,P103,Annelle Pfeff,Annelle.PfeffP103@email.io
C01013,C01013 Ibex Dealer,P990,Tisa Batista ,
C01046,C01046 Ibex Dealer,P990,Carmelo Cotno,
C00891,C00891 Ibex Dealer,W146,Fransisca Ant,Fransisca.AntW146@email.io
C00891,C00891 Ibex Dealer,Z101095,Lakita Gieble,
C00891,C00891 Ibex Dealer,Z2089100,Yuri Jaqua  ,
C00891,C00891 Ibex Dealer,Z2143414,Joselyn Lovin,
C00891,C00891 Ibex Dealer,Z2263291,Raisa Virgen ,
C00891,C00891 Ibex Dealer,Z2270100,Issac Ciesla ,
C00891,C00891 Ibex Dealer,Z2281200,Gertude Bath ,
C00891,C00891 Ibex Dealer,Z2326140,Rachele Nazar,
C00891,C00891 Ibex Dealer,Z23708331,Nelle Daughtr,
C00891,C00891 Ibex Dealer,Z2422111,Janessa Crost,Janessa.CrostZ2422111@email.io
C00891,C00891 Ibex Dealer,Z2488585,Fidelia Morei,
C00891,C00891 Ibex Dealer,Z24917771,Euna Skillern,
C00891,C00891 Ibex Dealer,Z2533600,Rubie Tillery,Rubie.TilleryZ2533600@email.io
C00891,C00891 Ibex Dealer,Z25355551,Deandra Craft,
C00891,C00891 Ibex Dealer,Z2544540,Alonzo Freese,Alonzo.FreeseZ2544540@email.io
C00891,C00891 Ibex Dealer,Z25482821,Neoma Gerhard,Neoma.GerhardZ25482821@email.io
C00891,C00891 Ibex Dealer,Z2585297,Neomi Ashbaug,
C00891,C00891 Ibex Dealer,Z2663100,Sebastian Bro,
C00891,C00891 Ibex Dealer,Z2698028,Elodia Mize  ,
C00891,C00891 Ibex Dealer,Z2731300,Betsey Arceo ,
C00891,C00891 Ibex Dealer,Z2734000,Yanira Vervil,Yanira.VervilZ2734000@email.io
C00891,C00891 Ibex Dealer,Z27386551,Gertude Bath ,Gertude.Bath.Z27386551@email.io
C00891,C00891 Ibex Dealer,Z2761111,Alonzo Freese,
C00891,C00891 Ibex Dealer,Z2808553,Lauran Altsch,Lauran.AltschZ2808553@email.io
C00891,C00891 Ibex Dealer,Z2823591,Janean Jumper,Janean.JumperZ2823591@email.io
C00891,C00891 Ibex Dealer,Z2830977,Hayley Brunga,
C00891,C00891 Ibex Dealer,Z2885750,Dulce Felix  ,
C00891,C00891 Ibex Dealer,Z2966331,Oswaldo Klein,
C00891,C00891 Ibex Dealer,Z2977933,Janessa Crost,Janessa.CrostZ2977933@email.io
C00891,C00891 Ibex Dealer,Z2983400,Gwen Dennisto,
C00891,C00891 Ibex Dealer,Z2987700,Annelle Pfeff,
C00891,C00891 Ibex Dealer,Z30176,Lynette Bettc,
C00891,C00891 Ibex Dealer,Z3172916,Bulah Carbaja,
C00891,C00891 Ibex Dealer,Z3204000,Cuc Tripoli  ,
C00891,C00891 Ibex Dealer,Z3222438,Ellen Edds  ,
C00891,C00891 Ibex Dealer,Z3240326,Branda Tatem ,
C00891,C00891 Ibex Dealer,Z3269017,Madelaine Abl,Madelaine.AblZ3269017@email.io
C00891,C00891 Ibex Dealer,Z3313805,Hosea Soderbe,
C00891,C00891 Ibex Dealer,Z3315100,Rubie Tillery,
C00891,C00891 Ibex Dealer,Z3387282,Darcy Westbro,Darcy.WestbroZ3387282@email.io
C00891,C00891 Ibex Dealer,Z3391706,Cuc Tripoli  ,Cuc.Tripoli. Z3391706@email.io
C00891,C00891 Ibex Dealer,Z3423332,Joselyn Lovin,Joselyn.LovinZ3423332@email.io
C00891,C00891 Ibex Dealer,Z3432575,Neoma Gerhard,
C00891,C00891 Ibex Dealer,Z3441261,Isabella Hogg,Isabella.HoggZ3441261@email.io
C00891,C00891 Ibex Dealer,Z3458080,Julianne Slam,
C00891,C00891 Ibex Dealer,Z3461749,Yanira Vervil,
C00891,C00891 Ibex Dealer,Z3475382,Isabella Hogg,
C00891,C00891 Ibex Dealer,Z3480202,Reynalda Jury,Reynalda.JuryZ3480202@email.io
C00891,C00891 Ibex Dealer,Z3490415,Janessa Crost,
C00891,C00891 Ibex Dealer,Z3495533,Lauran Altsch,
C00891,C00891 Ibex Dealer,Z3511536,Alonzo Freese,Alonzo.FreeseZ3511536@email.io
C00891,C00891 Ibex Dealer,Z3518975,Janean Jumper,
C00891,C00891 Ibex Dealer,Z35263741,Hosea Soderbe,Hosea.SoderbeZ35263741@email.io
C00891,C00891 Ibex Dealer,Z3551016,Fransisca Ant,
C00891,C00891 Ibex Dealer,Z3581248,Reynalda Jury,
C00891,C00891 Ibex Dealer,Z3610008,Rolando Kibbe,
C00891,C00891 Ibex Dealer,Z3610084,Liz Vo  ,
C00891,C00891 Ibex Dealer,Z3626000,Rubie Tillery,Rubie.TilleryZ3626000@email.io
C00891,C00891 Ibex Dealer,Z3672081,Elisha Poulos,
C00891,C00891 Ibex Dealer,Z3672680,Neomi Ashbaug,Neomi.AshbaugZ3672680@email.io
C00891,C00891 Ibex Dealer,Z37033901,Tamesha Lubin,
C00891,C00891 Ibex Dealer,Z3750018,Tisa Batista ,
C00891,C00891 Ibex Dealer,Z3750276,Euna Skillern,Euna.SkillernZ3750276@email.io
C00891,C00891 Ibex Dealer,Z3763535,Rolando Kibbe,Rolando.KibbeZ3763535@email.io
C00891,C00891 Ibex Dealer,Z3796600,Carmelo Cotno,
C00891,C00891 Ibex Dealer,Z3835390,Annelle Pfeff,Annelle.PfeffZ3835390@email.io
C00891,C00891 Ibex Dealer,Z3904444,Kasi Kowalczy,
C00891,C00891 Ibex Dealer,Z3933111,Deandra Craft,Deandra.CraftZ3933111@email.io
C00891,C00891 Ibex Dealer,Z3950199,Adelle Naugle,Adelle.NaugleZ3950199@email.io
C00891,C00891 Ibex Dealer,Z39555991,Issac Ciesla ,Issac.Ciesla.Z39555991@email.io
C00891,C00891 Ibex Dealer,Z4049200,Adelle Naugle,
C00891,C00891 Ibex Dealer,Z4142530,Yuri Jaqua  ,Yuri.Jaqua. Z4142530@email.io
C00891,C00891 Ibex Dealer,Z4211225,Debera Bomgar,
C00891,C00891 Ibex Dealer,Z4267204,Joselyn Lovin,Joselyn.LovinZ4267204@email.io
C00891,C00891 Ibex Dealer,Z4272747,Darcy Westbro,
C00891,C00891 Ibex Dealer,Z4294747,Kirsten Acebe,
C00891,C00891 Ibex Dealer,Z4337300,Brandee Mell ,
C00891,C00891 Ibex Dealer,Z4340676,Rolando Kibbe,Rolando.KibbeZ4340676@email.io
C00891,C00891 Ibex Dealer,Z4412786,Madelaine Abl,
C00891,C00891 Ibex Dealer,Z44333631,Lakita Gieble,
C00891,C00891 Ibex Dealer,Z4474898,Deandra Craft,Deandra.CraftZ4474898@email.io
C00891,C00891 Ibex Dealer,Z4478734,Fransisca Ant,Fransisca.AntZ4478734@email.io
C00891,C00891 Ibex Dealer,Z4496050,Yuri Jaqua  ,
C00891,C00891 Ibex Dealer,Z4499162,Janean Jumper,Janean.JumperZ4499162@email.io
C00891,C00891 Ibex Dealer,Z4511646,Joselyn Lovin,
C00891,C00891 Ibex Dealer,Z4599064,Hayley Brunga,Hayley.BrungaZ4599064@email.io
C00891,C00891 Ibex Dealer,Z4631186,Raisa Virgen ,
C00891,C00891 Ibex Dealer,Z4631755,Issac Ciesla ,
C00891,C00891 Ibex Dealer,Z4654300,Rachele Nazar,Rachele.NazarZ4654300@email.io
C00891,C00891 Ibex Dealer,Z46572701,Gertude Bath ,
C00891,C00891 Ibex Dealer,Z46932851,Rachele Nazar,
C00891,C00891 Ibex Dealer,Z4861144,Kirsten Acebe,Kirsten.AcebeZ4861144@email.io
C00891,C00891 Ibex Dealer,Z4928143,Darcy Westbro,Darcy.WestbroZ4928143@email.io
C00891,C00891 Ibex Dealer,Z4941900,Carmelo Cotno,Carmelo.CotnoZ4941900@email.io
C00891,C00891 Ibex Dealer,Z4967598,Brandee Mell ,Brandee.Mell.Z4967598@email.io
C00891,C00891 Ibex Dealer,Z5212277,Nelle Daughtr,
C00891,C00891 Ibex Dealer,Z5223111,Issac Ciesla ,Issac.Ciesla.Z5223111@email.io
C00891,C00891 Ibex Dealer,Z5334040,Fidelia Morei,
C00891,C00891 Ibex Dealer,Z5453725,Euna Skillern,
C00891,C00891 Ibex Dealer,Z54599691,Deandra Craft,
C00891,C00891 Ibex Dealer,Z5623228,Carmelo Cotno,Carmelo.CotnoZ5623228@email.io
C00891,C00891 Ibex Dealer,Z5629400,Neomi Ashbaug,
C00891,C00891 Ibex Dealer,Z5642240,Isabella Hogg,Isabella.HoggZ5642240@email.io
C00891,C00891 Ibex Dealer,Z5649202,Sebastian Bro,
C00891,C00891 Ibex Dealer,Z56610201,Sebastian Bro,Sebastian.BroZ56610201@email.io
C00891,C00891 Ibex Dealer,Z57210111,Elodia Mize  ,
C00891,C00891 Ibex Dealer,Z5749133,Nelle Daughtr,Nelle.DaughtrZ5749133@email.io
C00891,C00891 Ibex Dealer,Z5759000,Reynalda Jury,Reynalda.JuryZ5759000@email.io
C00891,C00891 Ibex Dealer,Z5856000,Betsey Arceo ,
C00891,C00891 Ibex Dealer,Z5859292,Alonzo Freese,
C00891,C00891 Ibex Dealer,Z5872585,Hayley Brunga,
C00891,C00891 Ibex Dealer,Z5884633,Tisa Batista ,Tisa.Batista.Z5884633@email.io
C00891,C00891 Ibex Dealer,Z5911283,Dulce Felix  ,
C00891,C00891 Ibex Dealer,Z5952980,Oswaldo Klein,
C00891,C00891 Ibex Dealer,Z6014722,Gwen Dennisto,
C00891,C00891 Ibex Dealer,Z6135430,Elisha Poulos,Elisha.PoulosZ6135430@email.io
C00891,C00891 Ibex Dealer,Z6223678,Elodia Mize  ,Elodia.Mize. Z6223678@email.io
C00891,C00891 Ibex Dealer,Z6242940,Annelle Pfeff,
C00891,C00891 Ibex Dealer,Z6251196,Annelle Pfeff,Annelle.PfeffZ6251196@email.io
C00891,C00891 Ibex Dealer,Z6270059,Lynette Bettc,
C00891,C00891 Ibex Dealer,Z6275115,Bulah Carbaja,
C00891,C00891 Ibex Dealer,Z6358333,Yanira Vervil,Yanira.VervilZ6358333@email.io
C00891,C00891 Ibex Dealer,Z6359428,Cuc Tripoli  ,Cuc.Tripoli. Z6359428@email.io
C00891,C00891 Ibex Dealer,Z6379598,Cuc Tripoli  ,
C00891,C00891 Ibex Dealer,Z6384802,Ellen Edds  ,
C00891,C00891 Ibex Dealer,Z6388133,Neomi Ashbaug,Neomi.AshbaugZ6388133@email.io
C00891,C00891 Ibex Dealer,Z6390806,Branda Tatem ,
C00891,C00891 Ibex Dealer,Z6414066,Lynette Bettc,Lynette.BettcZ6414066@email.io
C00891,C00891 Ibex Dealer,Z6414466,Betsey Arceo ,Betsey.Arceo.Z6414466@email.io
C00891,C00891 Ibex Dealer,Z6479474,Hosea Soderbe,
C00891,C00891 Ibex Dealer,Z6522670,Tamesha Lubin,Tamesha.LubinZ6522670@email.io
C00891,C00891 Ibex Dealer,Z6544212,Rubie Tillery,
C00891,C00891 Ibex Dealer,Z65982151,Neoma Gerhard,
C00891,C00891 Ibex Dealer,Z6611376,Bulah Carbaja,Bulah.CarbajaZ6611376@email.io
C00891,C00891 Ibex Dealer,Z6642575,Julianne Slam,
C00891,C00891 Ibex Dealer,Z6722330,Lakita Gieble,Lakita.GiebleZ6722330@email.io
C00891,C00891 Ibex Dealer,Z6767400,Yanira Vervil,
C00891,C00891 Ibex Dealer,Z6769707,Fidelia Morei,Fidelia.MoreiZ6769707@email.io
C00891,C00891 Ibex Dealer,Z6813355,Isabella Hogg,
C00891,C00891 Ibex Dealer,Z6872330,Ellen Edds  ,Ellen.Edds. Z6872330@email.io
C00891,C00891 Ibex Dealer,Z68723302,Branda Tatem ,Branda.Tatem.Z68723302@email.io
C00891,C00891 Ibex Dealer,Z6890141,Janessa Crost,
C00891,C00891 Ibex Dealer,Z6891511,Lauran Altsch,
C00891,C00891 Ibex Dealer,Z6917700,Betsey Arceo ,Betsey.Arceo.Z6917700@email.io
C00891,C00891 Ibex Dealer,Z6918648,Janean Jumper,
C00891,C00891 Ibex Dealer,Z6927776,Liz Vo  ,Liz.Vo. Z6927776@email.io
C00891,C00891 Ibex Dealer,Z6969777,Raisa Virgen ,Raisa.Virgen.Z6969777@email.io
C00891,C00891 Ibex Dealer,Z6972500,Fransisca Ant,
C00891,C00891 Ibex Dealer,Z6979616,Lauran Altsch,Lauran.AltschZ6979616@email.io
C00891,C00891 Ibex Dealer,Z7081000,Reynalda Jury,
C00891,C00891 Ibex Dealer,Z7221066,Rachele Nazar,Rachele.NazarZ7221066@email.io
C00891,C00891 Ibex Dealer,Z7229818,Rolando Kibbe,
C00891,C00891 Ibex Dealer,Z7236071,Liz Vo  ,
C00891,C00891 Ibex Dealer,Z7255900,Elisha Poulos,
C00891,C00891 Ibex Dealer,Z7291219,Tamesha Lubin,
C00891,C00891 Ibex Dealer,Z7300220,Tisa Batista ,
C00891,C00891 Ibex Dealer,Z7319648,Dulce Felix  ,Dulce.Felix. Z7319648@email.io
C00891,C00891 Ibex Dealer,Z7323902,Madelaine Abl,Madelaine.AblZ7323902@email.io
C00891,C00891 Ibex Dealer,Z73239021,Kirsten Acebe,Kirsten.AcebeZ73239021@email.io
C00891,C00891 Ibex Dealer,Z7371200,Carmelo Cotno,
C00891,C00891 Ibex Dealer,Z73720,Kasi Kowalczy,
C00891,C00891 Ibex Dealer,Z7404040,Adelle Naugle,
C00891,C00891 Ibex Dealer,Z7483100,Adelle Naugle,Adelle.NaugleZ7483100@email.io
C00891,C00891 Ibex Dealer,Z7502400,Oswaldo Klein,Oswaldo.KleinZ7502400@email.io
C00891,C00891 Ibex Dealer,Z7513344,Debera Bomgar,
C00891,C00891 Ibex Dealer,Z7528019,Oswaldo Klein,Oswaldo.KleinZ7528019@email.io
C00891,C00891 Ibex Dealer,Z7555603,Gertude Bath ,Gertude.Bath.Z7555603@email.io
C00891,C00891 Ibex Dealer,Z7568080,Darcy Westbro,
C00891,C00891 Ibex Dealer,Z7571933,Kirsten Acebe,
C00891,C00891 Ibex Dealer,Z76112,Gwen Dennisto,Gwen.DennistoZ76112@email.io
C00891,C00891 Ibex Dealer,Z76311491,Raisa Virgen ,Raisa.Virgen.Z76311491@email.io
C00891,C00891 Ibex Dealer,Z7661900,Elodia Mize  ,Elodia.Mize. Z7661900@email.io
C00891,C00891 Ibex Dealer,Z7668501,Brandee Mell ,
C00891,C00891 Ibex Dealer,Z7668758,Brandee Mell ,Brandee.Mell.Z7668758@email.io
C00891,C00891 Ibex Dealer,Z7673638,Madelaine Abl,
C00891,C00891 Ibex Dealer,Z76820071,Madelaine Abl,Madelaine.AblZ76820071@email.io
C00891,C00891 Ibex Dealer,Z7752117,Lakita Gieble,
C00891,C00891 Ibex Dealer,Z7794144,Yuri Jaqua  ,
C00891,C00891 Ibex Dealer,Z7800404,Joselyn Lovin,
C00891,C00891 Ibex Dealer,Z7834800,Raisa Virgen ,
C00891,C00891 Ibex Dealer,Z7837843,Issac Ciesla ,
C00891,C00891 Ibex Dealer,Z78903301,Julianne Slam,Julianne.SlamZ78903301@email.io
C00891,C00891 Ibex Dealer,Z7911215,Hayley Brunga,Hayley.BrungaZ7911215@email.io
C00891,C00891 Ibex Dealer,Z7920130,Gertude Bath ,
C00891,C00891 Ibex Dealer,Z7937344,Rachele Nazar,
C00891,C00891 Ibex Dealer,Z7948444,Debera Bomgar,Debera.BomgarZ7948444@email.io
C00891,C00891 Ibex Dealer,Z8152886,Euna Skillern,Euna.SkillernZ8152886@email.io
C00891,C00891 Ibex Dealer,Z8240113,Nelle Daughtr,Nelle.DaughtrZ8240113@email.io
C00891,C00891 Ibex Dealer,Z8242990,Branda Tatem ,Branda.Tatem.Z8242990@email.io
C00891,C00891 Ibex Dealer,Z8275600,Nelle Daughtr,
C00891,C00891 Ibex Dealer,Z8282100,Fidelia Morei,
C00891,C00891 Ibex Dealer,Z83216601,Sebastian Bro,Sebastian.BroZ83216601@email.io
C00891,C00891 Ibex Dealer,Z8351557,,Z8351557@email.io
C00891,C00891 Ibex Dealer,Z8371559,Euna Skillern,
C00891,C00891 Ibex Dealer,Z8378724,Tisa Batista ,Tisa.Batista.Z8378724@email.io
C00891,C00891 Ibex Dealer,Z84281501,Deandra Craft,
C00891,C00891 Ibex Dealer,Z8428421,Neomi Ashbaug,
C00891,C00891 Ibex Dealer,Z8544888,Sebastian Bro,
C00891,C00891 Ibex Dealer,Z8547900,Elodia Mize  ,
C00891,C00891 Ibex Dealer,Z85670701,Yuri Jaqua  ,Yuri.Jaqua. Z85670701@email.io
C00891,C00891 Ibex Dealer,Z8573303,Ellen Edds  ,Ellen.Edds. Z8573303@email.io
C00891,C00891 Ibex Dealer,Z8592888,Betsey Arceo ,
C00891,C00891 Ibex Dealer,Z8668810,Alonzo Freese,
C00891,C00891 Ibex Dealer,Z8756260,Hayley Brunga,
C00891,C00891 Ibex Dealer,Z8757007,Dulce Felix  ,
C00891,C00891 Ibex Dealer,Z8757544,Oswaldo Klein,
C00891,C00891 Ibex Dealer,Z8761600,Liz Vo  ,Liz.Vo. Z8761600@email.io
C00891,C00891 Ibex Dealer,Z8810149,Gwen Dennisto,
C00891,C00891 Ibex Dealer,Z8838681,Annelle Pfeff,
C00891,C00891 Ibex Dealer,Z8844613,Lynette Bettc,
C00891,C00891 Ibex Dealer,Z9045547,Bulah Carbaja,
C00891,C00891 Ibex Dealer,Z9050753,Cuc Tripoli  ,
C00891,C00891 Ibex Dealer,Z9063549,Ellen Edds  ,
C00891,C00891 Ibex Dealer,Z91670001,Tamesha Lubin,Tamesha.LubinZ91670001@email.io
C00891,C00891 Ibex Dealer,Z9203366,Branda Tatem ,
C00891,C00891 Ibex Dealer,Z9210261,Hosea Soderbe,
C00891,C00891 Ibex Dealer,Z9289292,Rubie Tillery,
C00891,C00891 Ibex Dealer,Z92945001,Gwen Dennisto,Gwen.DennistoZ92945001@email.io
C00891,C00891 Ibex Dealer,Z9384211,Neoma Gerhard,
C00891,C00891 Ibex Dealer,Z93861621,Julianne Slam,
C00891,C00891 Ibex Dealer,Z9393535,Hosea Soderbe,Hosea.SoderbeZ9393535@email.io
C00891,C00891 Ibex Dealer,Z9395444,Yanira Vervil,
C00891,C00891 Ibex Dealer,Z94210091,Isabella Hogg,
C00891,C00891 Ibex Dealer,Z9439600,Janessa Crost,
C00891,C00891 Ibex Dealer,Z9456600,Lauran Altsch,
C00891,C00891 Ibex Dealer,Z9481717,Janean Jumper,
C00891,C00891 Ibex Dealer,Z9484835,Neoma Gerhard,Neoma.GerhardZ9484835@email.io
C00891,C00891 Ibex Dealer,Z94885851,Fransisca Ant,
C00891,C00891 Ibex Dealer,Z9550606,Reynalda Jury,
C00891,C00891 Ibex Dealer,Z9641212,Kasi Kowalczy,Kasi.KowalczyZ9641212@email.io
C00891,C00891 Ibex Dealer,Z9641400,Lynette Bettc,Lynette.BettcZ9641400@email.io
C00891,C00891 Ibex Dealer,Z9668900,Julianne Slam,Julianne.SlamZ9668900@email.io
C00891,C00891 Ibex Dealer,Z9756501,Rolando Kibbe,
C00891,C00891 Ibex Dealer,Z9810063,Lakita Gieble,Lakita.GiebleZ9810063@email.io
C00891,C00891 Ibex Dealer,Z9831313,Bulah Carbaja,Bulah.CarbajaZ9831313@email.io
C00891,C00891 Ibex Dealer,Z9841511,Liz Vo  ,
C00891,C00891 Ibex Dealer,Z9848446,Elisha Poulos,
C00891,C00891 Ibex Dealer,Z9858811,Dulce Felix  ,Dulce.Felix. Z9858811@email.io
C00891,C00891 Ibex Dealer,Z9860505,Fidelia Morei,Fidelia.MoreiZ9860505@email.io
C00891,C00891 Ibex Dealer,Z9922500,Debera Bomgar,Debera.BomgarZ9922500@email.io
C00891,C00891 Ibex Dealer,Z9971800,Elisha Poulos,Elisha.PoulosZ9971800@email.io
C00891,C00891 Ibex Dealer,Z9979263,Tamesha Lubin,